date,product,sold_quantity,gross_price,total_gross_price
"Sep 20","AQ Dracula HDD – 3.5 Inch SATA 6 Gb/s 5400 RPM 256 MB Cache",202,15.40,3109.83
"Sep 20","AQ Dracula HDD – 3.5 Inch SATA 6 Gb/s 5400 RPM 256 MB Cache",202,14.44,2916.72
"Sep 20","AQ Dracula HDD – 3.5 Inch SATA 6 Gb/s 5400 RPM 256 MB Cache",202,16.23,3278.92
"Sep 20","AQ Dracula HDD – 3.5 Inch SATA 6 Gb/s 5400 RPM 256 MB Cache",202,19.06,3849.57
"Sep 20","AQ Dracula HDD – 3.5 Inch SATA 6 Gb/s 5400 RPM 256 MB Cache",162,19.59,3173.18
"Sep 20","AQ Dracula HDD – 3.5 Inch SATA 6 Gb/s 5400 RPM 256 MB Cache",162,18.56,3006.64
"Sep 20","AQ Dracula HDD – 3.5 Inch SATA 6 Gb/s 5400 RPM 256 MB Cache",162,19.86,3216.95
"Sep 20","AQ Dracula HDD – 3.5 Inch SATA 6 Gb/s 5400 RPM 256 MB Cache",162,21.46,3475.95
"Sep 20","AQ Dracula HDD – 3.5 Inch SATA 6 Gb/s 5400 RPM 256 MB Cache",193,19.36,3737.06
"Sep 20","AQ Dracula HDD – 3.5 Inch SATA 6 Gb/s 5400 RPM 256 MB Cache",193,19.34,3733.43
"Sep 20","AQ Dracula HDD – 3.5 Inch SATA 6 Gb/s 5400 RPM 256 MB Cache",193,22.13,4271.42
"Sep 20","AQ Dracula HDD – 3.5 Inch SATA 6 Gb/s 5400 RPM 256 MB Cache",193,21.78,4203.44
"Sep 20","AQ Dracula HDD – 3.5 Inch SATA 6 Gb/s 5400 RPM 256 MB Cache",193,23.99,4630.46
"Sep 20","AQ Dracula HDD – 3.5 Inch SATA 6 Gb/s 5400 RPM 256 MB Cache",146,19.57,2857.85
"Sep 20","AQ Dracula HDD – 3.5 Inch SATA 6 Gb/s 5400 RPM 256 MB Cache",146,18.51,2702.05
"Sep 20","AQ Dracula HDD – 3.5 Inch SATA 6 Gb/s 5400 RPM 256 MB Cache",146,20.77,3032.92
"Sep 20","AQ Dracula HDD – 3.5 Inch SATA 6 Gb/s 5400 RPM 256 MB Cache",146,22.97,3354.04
"Sep 20","AQ Dracula HDD – 3.5 Inch SATA 6 Gb/s 5400 RPM 256 MB Cache",146,23.63,3449.95
"Sep 20","AQ WereWolf NAS Internal Hard Drive HDD – 8.89 cm",149,18.47,2751.48
"Sep 20","AQ WereWolf NAS Internal Hard Drive HDD – 8.89 cm",149,22.23,3312.24
"Sep 20","AQ WereWolf NAS Internal Hard Drive HDD – 8.89 cm",149,23.70,3531.11
"Sep 20","AQ WereWolf NAS Internal Hard Drive HDD – 8.89 cm",149,25.03,3729.26
"Sep 20","AQ WereWolf NAS Internal Hard Drive HDD – 8.89 cm",107,20.82,2227.99
"Sep 20","AQ WereWolf NAS Internal Hard Drive HDD – 8.89 cm",107,24.16,2584.71
"Sep 20","AQ WereWolf NAS Internal Hard Drive HDD – 8.89 cm",107,24.73,2646.24
"Sep 20","AQ WereWolf NAS Internal Hard Drive HDD – 8.89 cm",107,25.15,2691.23
"Sep 20","AQ WereWolf NAS Internal Hard Drive HDD – 8.89 cm",123,23.92,2942.07
"Sep 20","AQ WereWolf NAS Internal Hard Drive HDD – 8.89 cm",123,23.62,2904.69
"Sep 20","AQ WereWolf NAS Internal Hard Drive HDD – 8.89 cm",123,25.78,3171.01
"Sep 20","AQ Zion Saga",146,22.29,3253.70
"Sep 20","AQ Zion Saga",146,23.72,3463.46
"Sep 20","AQ Zion Saga",146,25.82,3769.27
"Sep 20","AQ Zion Saga",236,27.10,6396.24
"Sep 20","AQ Zion Saga",236,29.51,6963.77
"Sep 20","AQ Zion Saga",137,28.01,3836.81
"Sep 20","AQ Zion Saga",137,30.31,4151.92
"Sep 20","AQ Mforce Gen X",23,17.84,410.43
"Sep 20","AQ Mforce Gen X",23,15.93,366.49
"Sep 20","AQ Mforce Gen X",23,17.44,401.20
"Sep 20","AQ Mforce Gen X",23,19.52,449.04
"Sep 20","AQ Mforce Gen X",23,21.09,485.10
"Sep 20","AQ Mforce Gen X",82,18.65,1528.95
"Sep 20","AQ Mforce Gen X",82,17.50,1435.22
"Sep 20","AQ Mforce Gen X",82,19.05,1561.97
"Sep 20","AQ Mforce Gen X",82,19.92,1633.76
"Sep 20","AQ Mforce Gen X",82,19.74,1618.34
"Sep 20","AQ Mforce Gen X",86,17.25,1483.30
"Sep 20","AQ Mforce Gen X",86,16.53,1421.22
"Sep 20","AQ Mforce Gen X",86,18.56,1596.09
"Sep 20","AQ Mforce Gen X",86,20.08,1726.59
"Sep 20","AQ Mforce Gen X",86,20.35,1749.82
"Sep 20","AQ Mforce Gen X",48,16.28,781.53
"Sep 20","AQ Mforce Gen X",48,17.70,849.71
"Sep 20","AQ Mforce Gen X",48,19.94,956.95
"Sep 20","AQ Mforce Gen X",48,20.65,990.96
"Sep 20","AQ Mforce Gen Y",138,18.22,2515.01
"Sep 20","AQ Mforce Gen Y",138,21.98,3032.92
"Sep 20","AQ Mforce Gen Y",138,22.40,3090.98
"Sep 20","AQ Mforce Gen Y",72,21.20,1526.06
"Sep 20","AQ Mforce Gen Y",72,24.17,1739.94
"Sep 20","AQ Mforce Gen Y",72,24.93,1794.95
"Sep 20","AQ Mforce Gen Y",38,22.29,847.08
"Sep 20","AQ Mforce Gen Y",38,24.31,923.88
"Sep 20","AQ Mforce Gen Y",38,26.59,1010.31
"Sep 20","AQ Mforce Gen Y",149,23.85,3553.53
"Sep 20","AQ Mforce Gen Y",149,24.78,3692.56
"Sep 20","AQ Mforce Gen Y",149,26.11,3890.11
"Sep 20","AQ Mforce Gen Y",149,28.21,4202.62
"Sep 20","AQ Mforce Gen Y",29,24.89,721.83
"Sep 20","AQ Mforce Gen Y",29,27.22,789.38
"Sep 20","AQ Mforce Gen Y",29,29.70,861.32
"Sep 20","AQ Mforce Gen Y",29,31.54,914.79
"Sep 20","AQ Mforce Gen Y",28,23.02,644.57
"Sep 20","AQ Mforce Gen Y",28,26.48,741.42
"Sep 20","AQ Mforce Gen Y",28,31.24,874.83
"Sep 20","AQ Mforce Gen Y",28,33.85,947.70
"Sep 20","AQ Mforce Gen Y",171,26.71,4568.06
"Sep 20","AQ Mforce Gen Y",171,27.46,4695.03
"Sep 20","AQ Mforce Gen Y",171,32.44,5547.70
"Sep 20","AQ Mforce Gen Y",171,34.87,5962.74
"Sep 20","AQ Mforce Gen Y",118,26.97,3182.17
"Sep 20","AQ Mforce Gen Y",118,29.75,3510.80
"Sep 20","AQ Mforce Gen Y",118,30.58,3608.63
"Sep 20","AQ Mforce Gen Y",118,34.73,4098.40
"Sep 20","AQ Mforce Gen Z",51,29.37,1497.95
"Sep 20","AQ Mforce Gen Z",51,30.47,1553.95
"Sep 20","AQ Mforce Gen Z",51,33.74,1720.95
"Sep 20","AQ Mforce Gen Z",191,31.62,6039.84
"Sep 20","AQ Mforce Gen Z",191,34.10,6512.58
"Sep 20","AQ Mforce Gen Z",191,34.56,6600.98
"Sep 20","AQ Mforce Gen Z",167,33.56,5605.10
"Sep 20","AQ Mforce Gen Z",167,34.24,5718.28
"Sep 20","AQ Mforce Gen Z",167,37.83,6317.79
"Sep 20","AQ Mforce Gen Z",122,33.28,4060.42
"Sep 20","AQ Mforce Gen Z",122,37.58,4585.08
"Sep 20","AQ Mforce Gen Z",122,39.43,4810.29
"Sep 20","AQ Mforce Gen Z",173,33.50,5795.29
"Sep 20","AQ Mforce Gen Z",173,36.57,6326.25
"Sep 20","AQ Mforce Gen Z",173,37.97,6568.59
"Sep 20","AQ Mforce Gen Z",182,35.13,6394.24
"Sep 20","AQ Mforce Gen Z",182,37.53,6830.06
"Sep 20","AQ Mforce Gen Z",182,37.38,6803.09
"Sep 20","AQ Mforce Gen Z",177,36.25,6416.52
"Sep 20","AQ Mforce Gen Z",177,36.24,6415.08
"Sep 20","AQ Mforce Gen Z",177,38.68,6846.04
"Sep 20","AQ Mforce Gen Z",166,38.09,6323.02
"Sep 20","AQ Mforce Gen Z",166,39.40,6540.23
"Sep 20","AQ Mforce Gen Z",166,42.94,7128.69
"Sep 20","AQ GT 21",22,36.32,799.01
"Sep 20","AQ GT 21",22,39.34,865.43
"Sep 20","AQ GT 21",22,41.26,907.79
"Sep 20","AQ GT 21",62,38.68,2397.97
"Sep 20","AQ GT 21",62,39.15,2427.08
"Sep 20","AQ GT 21",62,40.62,2518.46
"Sep 20","AQ GT 21",57,39.30,2240.04
"Sep 20","AQ GT 21",57,41.83,2384.54
"Sep 20","AQ GT 21",182,39.12,7120.11
"Sep 20","AQ GT 21",182,43.99,8005.32
"Sep 20","AQ Marquee P3",120,40.50,4860.16
"Sep 20","AQ Marquee P3",120,41.00,4920.52
"Sep 20","AQ Marquee P3",106,43.30,4589.44
"Sep 20","AQ Marquee P3",106,45.15,4785.38
"Sep 20","AQ Marquee P3",172,42.38,7290.07
"Sep 20","AQ Marquee P3",172,45.81,7879.99
"Sep 20","AQ Marquee P3",197,44.70,8806.77
"Sep 20","AQ Marquee P3",197,42.59,8389.42
"Sep 20","AQ Marquee P4",56,45.08,2524.55
"Sep 20","AQ Marquee P4",56,45.80,2565.04
"Sep 20","AQ 5000 Series Electron 9 5900X Desktop Processor",91,96.82,8810.47
"Sep 20","AQ 5000 Series Electron 9 5900X Desktop Processor",91,94.94,8639.59
"Sep 20","AQ 5000 Series Electron 9 5900X Desktop Processor",91,106.02,9647.91
"Sep 20","AQ 5000 Series Electron 9 5900X Desktop Processor",91,111.10,10110.43
"Sep 20","AQ 5000 Series Electron 9 5900X Desktop Processor",51,108.72,5544.61
"Sep 20","AQ 5000 Series Electron 9 5900X Desktop Processor",51,101.89,5196.16
"Sep 20","AQ 5000 Series Electron 9 5900X Desktop Processor",51,117.15,5974.66
"Sep 20","AQ 5000 Series Electron 9 5900X Desktop Processor",51,123.48,6297.46
"Sep 20","AQ 5000 Series Electron 9 5900X Desktop Processor",159,105.17,16721.41
"Sep 20","AQ 5000 Series Electron 9 5900X Desktop Processor",159,110.69,17599.41
"Sep 20","AQ 5000 Series Electron 9 5900X Desktop Processor",159,116.03,18448.96
"Sep 20","AQ 5000 Series Electron 9 5900X Desktop Processor",159,123.93,19705.11
"Sep 20","AQ 5000 Series Electron 8 5900X Desktop Processor",106,111.90,11861.81
"Sep 20","AQ 5000 Series Electron 8 5900X Desktop Processor",106,104.14,11038.48
"Sep 20","AQ 5000 Series Electron 8 5900X Desktop Processor",106,121.93,12924.80
"Sep 20","AQ 5000 Series Electron 8 5900X Desktop Processor",106,124.26,13171.98
"Sep 20","AQ 5000 Series Electron 8 5900X Desktop Processor",106,142.89,15146.49
"Sep 20","AQ 5000 Series Electron 8 5900X Desktop Processor",33,120.13,3964.18
"Sep 20","AQ 5000 Series Electron 8 5900X Desktop Processor",33,122.51,4042.75
"Sep 20","AQ 5000 Series Electron 8 5900X Desktop Processor",33,129.91,4287.16
"Sep 20","AQ 5000 Series Electron 8 5900X Desktop Processor",33,129.58,4276.26
"Sep 20","AQ 5000 Series Electron 8 5900X Desktop Processor",33,147.83,4878.37
"Sep 20","AQ 5000 Series Electron 8 5900X Desktop Processor",158,117.24,18523.71
"Sep 20","AQ 5000 Series Electron 8 5900X Desktop Processor",158,122.03,19281.20
"Sep 20","AQ 5000 Series Electron 8 5900X Desktop Processor",158,121.89,19258.87
"Sep 20","AQ 5000 Series Electron 8 5900X Desktop Processor",158,139.90,22103.60
"Sep 20","AQ 5000 Series Electron 8 5900X Desktop Processor",158,146.57,23158.42
"Sep 20","AQ 5000 Series Ultron 8 5900X Desktop Processor",114,123.38,14064.96
"Sep 20","AQ 5000 Series Ultron 8 5900X Desktop Processor",114,122.68,13985.71
"Sep 20","AQ 5000 Series Ultron 8 5900X Desktop Processor",114,129.22,14730.98
"Sep 20","AQ 5000 Series Ultron 8 5900X Desktop Processor",114,135.68,15467.77
"Sep 20","AQ 5000 Series Ultron 8 5900X Desktop Processor",114,141.96,16183.04
"Sep 20","AQ 5000 Series Ultron 8 5900X Desktop Processor",168,122.16,20522.88
"Sep 20","AQ 5000 Series Ultron 8 5900X Desktop Processor",168,137.87,23161.79
"Sep 20","AQ 5000 Series Ultron 8 5900X Desktop Processor",168,145.15,24384.76
"Sep 20","AQ 5000 Series Ultron 8 5900X Desktop Processor",168,140.78,23650.86
"Sep 20","AQ 5000 Series Ultron 8 5900X Desktop Processor",153,136.26,20847.96
"Sep 20","AQ 5000 Series Ultron 8 5900X Desktop Processor",153,141.06,21582.21
"Sep 20","AQ 5000 Series Ultron 8 5900X Desktop Processor",153,142.94,21869.85
"Sep 20","AQ 5000 Series Ultron 8 5900X Desktop Processor",153,150.90,23087.78
"Sep 20","AQ Electron 5 3600 Desktop Processor",152,145.24,22077.07
"Sep 20","AQ Electron 5 3600 Desktop Processor",152,149.10,22663.72
"Sep 20","AQ Electron 5 3600 Desktop Processor",152,156.54,23794.29
"Sep 20","AQ Electron 5 3600 Desktop Processor",112,156.60,17538.72
"Sep 20","AQ Electron 5 3600 Desktop Processor",112,150.25,16827.44
"Sep 20","AQ Electron 5 3600 Desktop Processor",112,159.31,17843.16
"Sep 20","AQ Electron 5 3600 Desktop Processor",186,145.21,27009.26
"Sep 20","AQ Electron 5 3600 Desktop Processor",186,160.69,29888.56
"Sep 20","AQ Electron 5 3600 Desktop Processor",186,168.54,31348.91
"Sep 20","AQ Electron 4 3600 Desktop Processor",87,145.54,12662.12
"Sep 20","AQ Electron 4 3600 Desktop Processor",87,160.51,13964.21
"Sep 20","AQ Electron 4 3600 Desktop Processor",87,171.49,14919.87
"Sep 20","AQ Electron 4 3600 Desktop Processor",81,169.50,13729.49
"Sep 20","AQ Electron 4 3600 Desktop Processor",81,170.84,13837.99
"Sep 20","AQ Electron 4 3600 Desktop Processor",84,176.44,14820.87
"Sep 20","AQ Electron 4 3600 Desktop Processor",84,188.39,15824.83
"Sep 20","AQ Electron 3 3600 Desktop Processor",82,186.29,15275.92
"Sep 20","AQ Electron 3 3600 Desktop Processor",82,198.04,16239.35
"Sep 20","AQ Electron 3 3600 Desktop Processor",168,185.46,31157.26
"Sep 20","AQ Electron 3 3600 Desktop Processor",168,203.47,34183.38
"Sep 20","AQ MB Elite",117,17.38,2033.92
"Sep 20","AQ MB Elite",117,14.99,1753.63
"Sep 20","AQ MB Elite",117,18.54,2168.90
"Sep 20","AQ MB Elite",117,19.65,2298.87
"Sep 20","AQ MB Elite",141,16.33,2303.12
"Sep 20","AQ MB Elite",141,16.22,2287.44
"Sep 20","AQ MB Elite",141,17.86,2517.79
"Sep 20","AQ MB Elite",141,20.46,2885.27
"Sep 20","AQ MB Elite",43,18.59,799.46
"Sep 20","AQ MB Elite",43,19.19,825.01
"Sep 20","AQ MB Elite",43,19.91,856.23
"Sep 20","AQ MB Elite",43,21.20,911.67
"Sep 20","AQ MB Elite",67,20.66,1384.52
"Sep 20","AQ MB Elite",67,21.48,1439.39
"Sep 20","AQ MB Elite",67,22.87,1532.32
"Sep 20","AQ MB Elite",67,21.45,1437.08
"Sep 20","AQ MB Crossx",37,21.82,807.39
"Sep 20","AQ MB Crossx",37,19.85,734.35
"Sep 20","AQ MB Crossx",37,22.12,818.59
"Sep 20","AQ MB Crossx",37,21.89,809.85
"Sep 20","AQ MB Crossx",37,24.95,923.29
"Sep 20","AQ MB Crossx",102,22.07,2251.15
"Sep 20","AQ MB Crossx",102,23.28,2374.57
"Sep 20","AQ MB Crossx",102,22.90,2335.36
"Sep 20","AQ MB Crossx",102,24.31,2479.29
"Sep 20","AQ MB Crossx",110,25.26,2778.07
"Sep 20","AQ MB Crossx",110,24.46,2691.04
"Sep 20","AQ MB Crossx",110,27.34,3007.90
"Sep 20","AQ MB Crossx",110,29.02,3192.51
"Sep 20","AQ MB Crossx",32,24.68,789.78
"Sep 20","AQ MB Crossx",32,28.06,897.99
"Sep 20","AQ MB Crossx",32,28.40,908.77
"Sep 20","AQ MB Crossx",32,29.83,954.72
"Sep 20","AQ MB Crossx 2",20,22.59,451.88
"Sep 20","AQ MB Crossx 2",20,28.09,561.71
"Sep 20","AQ MB Crossx 2",20,28.86,577.23
"Sep 20","AQ MB Crossx 2",20,32.20,644.08
"Sep 20","AQ MB Crossx 2",38,29.60,1124.77
"Sep 20","AQ MB Crossx 2",38,31.95,1214.20
"Sep 20","AQ MB Crossx 2",38,34.42,1307.80
"Sep 20","AQ MB Crossx 2",48,30.74,1475.46
"Sep 20","AQ MB Crossx 2",48,32.19,1545.24
"Sep 20","AQ MB Crossx 2",48,36.70,1761.69
"Sep 20","AQ MB Crossx 2",84,30.77,2584.52
"Sep 20","AQ MB Crossx 2",84,32.26,2709.94
"Sep 20","AQ MB Crossx 2",84,36.24,3044.29
"Sep 20","AQ MB Lito",103,33.76,3477.37
"Sep 20","AQ MB Lito",103,35.04,3609.56
"Sep 20","AQ MB Lito",144,35.03,5043.69
"Sep 20","AQ MB Lito",144,36.47,5251.33
"Sep 20","AQ MB Lito",54,35.84,1935.09
"Sep 20","AQ MB Lito",54,36.40,1965.76
"Sep 20","AQ MB Lito",81,38.98,3157.22
"Sep 20","AQ MB Lito",81,43.05,3486.69
"Sep 20","AQ MB Lito 2",143,41.37,5915.85
"Sep 20","AQ MB Lito 2",143,40.38,5773.64
"Sep 20","AQ MB Lito 2",115,39.39,4530.22
"Sep 20","AQ MB Lito 2",115,45.46,5227.90
"Sep 20","AQ MB Lito 2",17,45.44,772.44
"Sep 20","AQ MB Lito 2",17,46.65,793.11
"Sep 20","AQ Master wired x1 Ms",537,2.93,1573.20
"Sep 20","AQ Master wired x1 Ms",537,2.84,1527.50
"Sep 20","AQ Master wired x1 Ms",537,2.92,1566.32
"Sep 20","AQ Master wired x1 Ms",537,2.94,1580.61
"Sep 20","AQ Master wired x1 Ms",177,3.46,613.25
"Sep 20","AQ Master wired x1 Ms",177,3.24,574.35
"Sep 20","AQ Master wired x1 Ms",177,3.51,621.57
"Sep 20","AQ Master wired x1 Ms",177,4.00,707.96
"Sep 20","AQ Master wired x1 Ms",383,4.01,1535.26
"Sep 20","AQ Master wired x1 Ms",383,3.83,1467.35
"Sep 20","AQ Master wired x1 Ms",383,4.31,1650.12
"Sep 20","AQ Master wired x1 Ms",383,4.53,1734.80
"Sep 20","AQ Master wired x1 Ms",383,4.64,1777.23
"Sep 20","AQ Master wired x1 Ms",433,4.28,1853.11
"Sep 20","AQ Master wired x1 Ms",433,3.95,1708.83
"Sep 20","AQ Master wired x1 Ms",433,4.63,2004.66
"Sep 20","AQ Master wired x1 Ms",433,5.05,2184.87
"Sep 20","AQ Master wired x1 Ms",433,5.18,2241.21
"Sep 20","AQ Master wired x1 Ms",844,4.55,3838.17
"Sep 20","AQ Master wired x1 Ms",844,4.06,3428.83
"Sep 20","AQ Master wired x1 Ms",844,4.84,4083.36
"Sep 20","AQ Master wired x1 Ms",844,4.69,3958.70
"Sep 20","AQ Master wired x1 Ms",844,5.10,4306.43
"Sep 20","AQ Master wired x1 Ms",944,5.26,4966.01
"Sep 20","AQ Master wired x1 Ms",944,4.46,4205.61
"Sep 20","AQ Master wired x1 Ms",944,5.27,4972.52
"Sep 20","AQ Master wired x1 Ms",944,5.25,4959.96
"Sep 20","AQ Master wired x1 Ms",944,5.27,4970.54
"Sep 20","AQ Master wireless x1 Ms",129,4.58,591.26
"Sep 20","AQ Master wireless x1 Ms",129,4.83,623.29
"Sep 20","AQ Master wireless x1 Ms",129,5.28,681.39
"Sep 20","AQ Master wireless x1 Ms",129,5.44,701.54
"Sep 20","AQ Master wireless x1 Ms",129,5.92,764.07
"Sep 20","AQ Master wireless x1 Ms",218,5.51,1200.18
"Sep 20","AQ Master wireless x1 Ms",218,5.46,1189.39
"Sep 20","AQ Master wireless x1 Ms",218,5.87,1280.42
"Sep 20","AQ Master wireless x1 Ms",218,6.41,1396.38
"Sep 20","AQ Master wireless x1 Ms",218,6.08,1325.88
"Sep 20","AQ Master wireless x1 Ms",686,6.81,4671.04
"Sep 20","AQ Master wireless x1 Ms",686,6.08,4168.62
"Sep 20","AQ Master wireless x1 Ms",686,6.86,4703.22
"Sep 20","AQ Master wireless x1 Ms",686,6.73,4616.85
"Sep 20","AQ Master wireless x1 Ms",686,7.29,5003.89
"Sep 20","AQ Master wireless x1 Ms",749,7.03,5263.07
"Sep 20","AQ Master wireless x1 Ms",749,7.43,5568.44
"Sep 20","AQ Master wireless x1 Ms",749,7.35,5507.10
"Sep 20","AQ Master wireless x1 Ms",749,7.95,5958.15
"Sep 20","AQ Master wireless x1 Ms",969,6.29,6091.23
"Sep 20","AQ Master wireless x1 Ms",969,6.89,6679.22
"Sep 20","AQ Master wireless x1 Ms",969,7.98,7733.88
"Sep 20","AQ Master wireless x1 Ms",969,8.63,8358.98
"Sep 20","AQ Master wireless x1 Ms",578,7.40,4276.68
"Sep 20","AQ Master wireless x1 Ms",578,8.13,4699.72
"Sep 20","AQ Master wireless x1 Ms",578,8.32,4808.56
"Sep 20","AQ Master wireless x1 Ms",578,8.20,4737.81
"Sep 20","AQ Gamers Ms",765,7.19,5500.66
"Sep 20","AQ Gamers Ms",765,8.64,6610.06
"Sep 20","AQ Gamers Ms",765,8.80,6735.37
"Sep 20","AQ Gamers Ms",765,9.31,7119.55
"Sep 20","AQ Gamers Ms",537,7.07,3794.82
"Sep 20","AQ Gamers Ms",537,7.91,4246.86
"Sep 20","AQ Gamers Ms",537,8.99,4827.68
"Sep 20","AQ Gamers Ms",537,8.95,4808.41
"Sep 20","AQ Gamers Ms",888,8.26,7338.34
"Sep 20","AQ Gamers Ms",888,9.19,8160.01
"Sep 20","AQ Gamers Ms",888,9.40,8345.16
"Sep 20","AQ Gamers Ms",888,10.08,8949.44
"Sep 20","AQ Gamers Ms",466,9.11,4246.43
"Sep 20","AQ Gamers Ms",466,10.08,4695.04
"Sep 20","AQ Gamers Ms",466,10.46,4873.10
"Sep 20","AQ Gamers Ms",466,10.86,5060.34
"Sep 20","AQ Gamers Ms",516,8.73,4502.41
"Sep 20","AQ Gamers Ms",516,9.74,5023.93
"Sep 20","AQ Gamers Ms",516,10.44,5385.49
"Sep 20","AQ Gamers Ms",516,11.70,6038.85
"Sep 20","AQ Gamers Ms",200,10.49,2098.44
"Sep 20","AQ Gamers Ms",200,10.87,2173.18
"Sep 20","AQ Gamers Ms",200,10.62,2123.34
"Sep 20","AQ Lite Ms",181,10.05,1819.30
"Sep 20","AQ Lite Ms",181,11.48,2078.40
"Sep 20","AQ Lite Ms",181,11.42,2067.71
"Sep 20","AQ Lite Ms",218,10.41,2269.75
"Sep 20","AQ Lite Ms",218,11.28,2459.45
"Sep 20","AQ Lite Ms",218,11.60,2529.65
"Sep 20","AQ Lite Ms",310,10.68,3309.65
"Sep 20","AQ Lite Ms",310,10.89,3376.68
"Sep 20","AQ Lite Ms",310,11.69,3625.08
"Sep 20","AQ Lite Ms",144,11.21,1614.48
"Sep 20","AQ Lite Ms",144,11.63,1675.18
"Sep 20","AQ Lite Ms",144,12.59,1812.66
"Sep 20","AQ Lite Ms",495,11.94,5911.83
"Sep 20","AQ Lite Ms",495,12.74,6307.44
"Sep 20","AQ Lite Ms",495,12.99,6430.25
"Sep 20","AQ Lite Ms",302,11.43,3452.07
"Sep 20","AQ Lite Ms",302,12.30,3713.97
"Sep 20","AQ Lite Ms",302,13.26,4005.18
"Sep 20","AQ Maxima Ms",1036,12.07,12503.38
"Sep 20","AQ Maxima Ms",1036,12.41,12852.20
"Sep 20","AQ Maxima Ms",903,14.53,13117.61
"Sep 20","AQ Maxima Ms",903,14.03,12667.55
"Sep 20","AQ Maxima Ms",872,14.17,12354.67
"Sep 20","AQ Maxima Ms",872,15.25,13296.52
"Sep 20","AQ Maxima Ms",709,14.28,10124.52
"Sep 20","AQ Maxima Ms",709,15.30,10848.76
"Sep 20","AQ Maxima Ms",497,15.18,7542.57
"Sep 20","AQ Maxima Ms",497,15.25,7580.54
"Sep 20","AQ Maxima Ms",973,14.57,14174.37
"Sep 20","AQ Maxima Ms",973,17.03,16573.98
"Sep 20","AQ Qwerty Ms",570,14.90,8493.74
"Sep 20","AQ Qwerty Ms",570,14.70,8376.95
"Sep 20","AQ Qwerty Ms",664,15.81,10497.97
"Sep 20","AQ Qwerty Ms",664,15.32,10172.35
"Sep 20","AQ Qwerty Ms",915,15.98,14620.97
"Sep 20","AQ Qwerty Ms",915,15.70,14362.02
"Sep 20","AQ Qwerty Ms",433,16.55,7165.76
"Sep 20","AQ Qwerty Ms",433,17.30,7491.85
"Sep 20","AQ Qwerty Ms",200,16.59,3317.64
"Sep 20","AQ Qwerty Ms",200,17.81,3561.76
"Sep 20","AQ Qwerty Ms",688,16.79,11548.08
"Sep 20","AQ Qwerty Ms",688,18.07,12430.16
"Sep 20","AQ Trigger Ms",822,17.09,14049.38
"Sep 20","AQ Trigger Ms",822,17.71,14553.67
"Sep 20","AQ Trigger Ms",171,17.24,2947.49
"Sep 20","AQ Trigger Ms",171,17.45,2983.40
"Sep 20","AQ Trigger Ms",331,16.94,5605.58
"Sep 20","AQ Trigger Ms",331,17.70,5858.57
"Sep 20","AQ Trigger Ms",472,19.59,9244.59
"Sep 20","AQ Trigger Ms",472,20.13,9503.30
"Sep 20","AQ Trigger Ms",1021,19.40,19811.69
"Sep 20","AQ Trigger Ms",1021,20.85,21291.63
"Sep 20","AQ Trigger Ms",404,20.05,8101.69
"Sep 20","AQ Trigger Ms",404,22.57,9120.22
"Sep 20","AQ Lumina Ms",314,21.71,6817.51
"Sep 20","AQ Lumina Ms",314,22.09,6936.20
"Sep 20","AQ Master wired x1",373,5.96,2221.70
"Sep 20","AQ Master wired x1",373,5.09,1899.54
"Sep 20","AQ Master wired x1",373,6.62,2471.01
"Sep 20","AQ Master wired x1",373,6.90,2573.36
"Sep 20","AQ Master wired x1",296,7.29,2158.91
"Sep 20","AQ Master wired x1",296,6.54,1934.92
"Sep 20","AQ Master wired x1",296,7.72,2284.62
"Sep 20","AQ Master wired x1",296,7.60,2248.98
"Sep 20","AQ Master wired x1",290,7.27,2108.13
"Sep 20","AQ Master wired x1",290,6.68,1937.26
"Sep 20","AQ Master wired x1",290,7.44,2158.96
"Sep 20","AQ Master wired x1",290,7.77,2253.10
"Sep 20","AQ Master wired x1",239,8.79,2101.05
"Sep 20","AQ Master wired x1",239,8.03,1920.10
"Sep 20","AQ Master wired x1",239,9.22,2202.91
"Sep 20","AQ Master wired x1",239,8.95,2139.38
"Sep 20","AQ Master wired x1",239,10.30,2461.75
"Sep 20","AQ Master wired x1",364,8.55,3113.66
"Sep 20","AQ Master wired x1",364,7.96,2897.48
"Sep 20","AQ Master wired x1",364,9.02,3283.50
"Sep 20","AQ Master wired x1",364,9.47,3445.26
"Sep 20","AQ Master wired x1",364,9.81,3569.78
"Sep 20","AQ Master wired x1",602,9.51,5724.60
"Sep 20","AQ Master wired x1",602,8.64,5203.03
"Sep 20","AQ Master wired x1",602,9.77,5878.59
"Sep 20","AQ Master wired x1",602,10.42,6272.12
"Sep 20","AQ Master wired x1",602,11.17,6726.03
"Sep 20","AQ Master wireless x1",649,10.06,6530.82
"Sep 20","AQ Master wireless x1",649,10.29,6678.66
"Sep 20","AQ Master wireless x1",649,10.13,6575.54
"Sep 20","AQ Master wireless x1",649,10.80,7006.28
"Sep 20","AQ Master wireless x1",649,11.53,7485.57
"Sep 20","AQ Master wireless x1",876,9.95,8720.23
"Sep 20","AQ Master wireless x1",876,8.52,7462.73
"Sep 20","AQ Master wireless x1",876,10.75,9421.20
"Sep 20","AQ Master wireless x1",876,11.05,9681.90
"Sep 20","AQ Master wireless x1",876,12.48,10935.81
"Sep 20","AQ Master wireless x1",635,11.82,7506.65
"Sep 20","AQ Master wireless x1",635,11.38,7225.09
"Sep 20","AQ Master wireless x1",635,11.42,7251.13
"Sep 20","AQ Master wireless x1",635,12.37,7857.43
"Sep 20","AQ Master wireless x1",635,12.84,8151.05
"Sep 20","AQ Master wireless x1",202,10.97,2216.91
"Sep 20","AQ Master wireless x1",202,9.88,1996.69
"Sep 20","AQ Master wireless x1",202,10.56,2132.47
"Sep 20","AQ Master wireless x1",202,11.60,2343.42
"Sep 20","AQ Master wireless x1",202,12.83,2591.66
"Sep 20","AQ Master wireless x1",260,10.41,2706.96
"Sep 20","AQ Master wireless x1",260,10.21,2654.47
"Sep 20","AQ Master wireless x1",260,11.44,2973.46
"Sep 20","AQ Master wireless x1",260,12.05,3133.23
"Sep 20","AQ Master wireless x1",260,12.23,3180.68
"Sep 20","AQ Master wireless x1",266,12.30,3270.90
"Sep 20","AQ Master wireless x1",266,11.68,3106.16
"Sep 20","AQ Master wireless x1",266,12.88,3426.59
"Sep 20","AQ Master wireless x1",266,13.00,3458.48
"Sep 20","AQ Master wireless x1",266,14.31,3805.53
"Sep 20","AQ Gamers ",560,12.25,6861.34
"Sep 20","AQ Gamers ",560,12.94,7243.88
"Sep 20","AQ Gamers ",560,13.51,7563.42
"Sep 20","AQ Gamers ",560,14.29,8000.22
"Sep 20","AQ Gamers ",396,11.39,4511.19
"Sep 20","AQ Gamers ",396,14.05,5565.30
"Sep 20","AQ Gamers ",396,15.31,6061.61
"Sep 20","AQ Gamers ",396,15.66,6200.49
"Sep 20","AQ Gamers ",387,11.92,4611.41
"Sep 20","AQ Gamers ",387,14.88,5759.14
"Sep 20","AQ Gamers ",387,16.24,6285.15
"Sep 20","AQ Gamers ",387,16.66,6446.53
"Sep 20","AQ Gamers ",831,12.58,10457.39
"Sep 20","AQ Gamers ",831,14.06,11687.27
"Sep 20","AQ Gamers ",831,16.38,13611.12
"Sep 20","AQ Gamers ",831,17.21,14302.59
"Sep 20","AQ Gamers ",609,14.76,8990.30
"Sep 20","AQ Gamers ",609,16.12,9814.70
"Sep 20","AQ Gamers ",609,16.32,9939.98
"Sep 20","AQ Gamers ",609,16.90,10291.37
"Sep 20","AQ Gamers ",194,15.39,2985.74
"Sep 20","AQ Gamers ",194,16.67,3233.75
"Sep 20","AQ Gamers ",194,19.30,3744.26
"Sep 20","AQ Gamers ",194,18.14,3519.70
"Sep 20","AQ Lite",197,15.02,2959.06
"Sep 20","AQ Lite",197,16.38,3227.57
"Sep 20","AQ Lite",197,18.49,3643.38
"Sep 20","AQ Lite",197,18.99,3741.94
"Sep 20","AQ Lite",275,16.10,4426.98
"Sep 20","AQ Lite",275,19.58,5383.32
"Sep 20","AQ Lite",275,18.79,5168.54
"Sep 20","AQ Lite",275,21.23,5839.02
"Sep 20","AQ Lite",781,18.67,14583.30
"Sep 20","AQ Lite",781,18.58,14514.42
"Sep 20","AQ Lite",781,20.06,15668.19
"Sep 20","AQ Lite",861,18.25,15714.37
"Sep 20","AQ Lite",861,18.42,15861.26
"Sep 20","AQ Lite",861,21.39,18419.55
"Sep 20","AQ Lite",224,18.14,4063.38
"Sep 20","AQ Lite",224,18.94,4242.90
"Sep 20","AQ Lite",224,21.23,4756.19
"Sep 20","AQ Lite",451,19.48,8785.66
"Sep 20","AQ Lite",451,20.01,9022.98
"Sep 20","AQ Lite",451,21.22,9568.06
"Sep 20","AQ Maxima",195,18.18,3544.91
"Sep 20","AQ Maxima",195,20.39,3976.21
"Sep 20","AQ Maxima",195,20.93,4082.29
"Sep 20","AQ Maxima",172,20.95,3604.19
"Sep 20","AQ Maxima",172,21.70,3732.19
"Sep 20","AQ Maxima",172,22.24,3825.69
"Sep 20","AQ Maxima",637,18.86,12015.48
"Sep 20","AQ Maxima",637,20.87,13296.29
"Sep 20","AQ Maxima",637,22.93,14608.51
"Sep 20","AQ Maxima",723,21.14,15283.57
"Sep 20","AQ Maxima",723,22.13,16002.95
"Sep 20","AQ Maxima",723,22.64,16371.83
"Sep 20","AQ Maxima",576,23.08,13296.61
"Sep 20","AQ Maxima",576,23.58,13581.91
"Sep 20","AQ Maxima",530,23.77,12596.93
"Sep 20","AQ Maxima",530,24.60,13038.64
"Sep 20","AQ Qwerty",375,24.57,9213.38
"Sep 20","AQ Qwerty",375,26.77,10038.41
"Sep 20","AQ Qwerty",206,23.97,4938.36
"Sep 20","AQ Qwerty",206,26.67,5494.47
"Sep 20","AQ Qwerty",579,26.95,15604.46
"Sep 20","AQ Qwerty",579,25.82,14950.59
"Sep 20","AQ Qwerty",114,27.42,3125.33
"Sep 20","AQ Qwerty",114,29.26,3335.26
"Sep 20","AQ Qwerty",417,29.87,12455.46
"Sep 20","AQ Qwerty",417,31.22,13016.70
"Sep 20","AQ Qwerty",368,29.67,10918.89
"Sep 20","AQ Qwerty",368,31.78,11694.93
"Sep 20","AQ Trigger",92,29.39,2703.62
"Sep 20","AQ Trigger",92,32.60,2999.15
"Sep 20","AQ Trigger",389,30.34,11802.80
"Sep 20","AQ Trigger",389,31.07,12084.99
"Sep 20","AQ Trigger",444,31.77,14104.33
"Sep 20","AQ Trigger",444,34.79,15448.89
"Sep 20","AQ Trigger",137,33.62,4606.57
"Sep 20","AQ Trigger",137,34.27,4694.77
"Sep 20","AQ Trigger",796,34.51,27471.07
"Sep 20","AQ Trigger",796,34.18,27210.46
"Sep 20","AQ LION x1",34,14.84,504.47
"Sep 20","AQ LION x1",34,13.58,461.84
"Sep 20","AQ LION x1",34,15.47,525.91
"Sep 20","AQ LION x1",34,16.51,561.43
"Sep 20","AQ LION x1",34,17.56,597.00
"Sep 20","AQ LION x1",25,15.20,379.91
"Sep 20","AQ LION x1",25,15.52,388.04
"Sep 20","AQ LION x1",25,16.66,416.47
"Sep 20","AQ LION x1",25,16.10,402.54
"Sep 20","AQ LION x1",25,17.59,439.74
"Sep 20","AQ LION x1",28,15.53,434.78
"Sep 20","AQ LION x1",28,14.87,416.47
"Sep 20","AQ LION x1",28,16.20,453.68
"Sep 20","AQ LION x1",28,17.57,491.95
"Sep 20","AQ LION x1",28,17.92,501.75
"Sep 20","AQ LION x1",51,15.08,768.93
"Sep 20","AQ LION x1",51,14.16,722.24
"Sep 20","AQ LION x1",51,16.95,864.56
"Sep 20","AQ LION x1",51,18.03,919.59
"Sep 20","AQ LION x1",51,17.59,897.19
"Sep 20","AQ LION x2",78,14.25,1111.73
"Sep 20","AQ LION x2",78,13.82,1077.69
"Sep 20","AQ LION x2",78,16.06,1252.30
"Sep 20","AQ LION x2",78,17.26,1346.65
"Sep 20","AQ LION x2",78,18.11,1412.51
"Sep 20","AQ LION x2",87,16.31,1418.84
"Sep 20","AQ LION x2",87,17.19,1495.81
"Sep 20","AQ LION x2",87,16.58,1442.70
"Sep 20","AQ LION x2",87,17.52,1524.21
"Sep 20","AQ LION x2",87,18.53,1612.38
"Sep 20","AQ LION x2",88,14.99,1319.46
"Sep 20","AQ LION x2",88,17.06,1501.70
"Sep 20","AQ LION x2",88,18.45,1623.89
"Sep 20","AQ LION x2",88,20.46,1800.50
"Sep 20","AQ LION x2",28,18.06,505.64
"Sep 20","AQ LION x2",28,18.88,528.71
"Sep 20","AQ LION x2",28,21.19,593.44
"Sep 20","AQ LION x2",55,18.15,998.38
"Sep 20","AQ LION x2",55,19.62,1079.21
"Sep 20","AQ LION x2",55,21.61,1188.36
"Sep 20","AQ LION x2",55,23.77,1307.32
"Sep 20","AQ LION x3",69,20.75,1431.84
"Sep 20","AQ LION x3",69,22.15,1528.03
"Sep 20","AQ LION x3",69,23.46,1618.69
"Sep 20","AQ LION x3",33,22.39,739.03
"Sep 20","AQ LION x3",33,23.15,764.02
"Sep 20","AQ LION x3",33,24.19,798.22
"Sep 20","AQ LION x3",79,23.03,1819.35
"Sep 20","AQ LION x3",79,25.47,2011.89
"Sep 20","AQ LION x3",79,25.81,2038.63
"Sep 20","AQ LION x3",75,25.29,1896.92
"Sep 20","AQ LION x3",75,25.04,1878.32
"Sep 20","AQ LION x3",66,25.71,1696.99
"Sep 20","AQ LION x3",66,27.45,1812.00
"Sep 20","AQ LION x3",66,28.88,1905.92
"Sep 20","AQ Mx NB",31,25.08,777.53
"Sep 20","AQ Mx NB",31,26.93,834.84
"Sep 20","AQ Mx NB",31,29.62,918.15
"Sep 20","AQ Mx NB",23,24.75,569.21
"Sep 20","AQ Mx NB",23,28.45,654.35
"Sep 20","AQ Mx NB",23,29.43,676.98
"Sep 20","AQ Mx NB",52,29.94,1557.00
"Sep 20","AQ Mx NB",52,30.16,1568.53
"Sep 20","AQ Mx NB",75,28.58,2143.50
"Sep 20","AQ Mx NB",75,32.24,2418.18
"Sep 20","AQ Mx NB",36,31.70,1141.30
"Sep 20","AQ Mx NB",36,31.49,1133.60
"Sep 20","AQ Aspiron",22,160.88,3539.34
"Sep 20","AQ Aspiron",22,155.88,3429.39
"Sep 20","AQ Aspiron",22,179.24,3943.39
"Sep 20","AQ Aspiron",22,182.89,4023.65
"Sep 20","AQ Aspiron",22,186.74,4108.36
"Sep 20","AQ Aspiron",9,160.70,1446.26
"Sep 20","AQ Aspiron",9,155.73,1401.54
"Sep 20","AQ Aspiron",9,164.66,1481.93
"Sep 20","AQ Aspiron",9,187.75,1689.78
"Sep 20","AQ Aspiron",9,180.15,1621.38
"Sep 20","AQ Aspiron",20,151.71,3034.10
"Sep 20","AQ Aspiron",20,157.84,3156.74
"Sep 20","AQ Aspiron",20,182.42,3648.39
"Sep 20","AQ Aspiron",20,195.77,3915.44
"Sep 20","AQ Aspiron",20,201.00,4019.93
"Sep 20","AQ Digit",11,169.70,1866.69
"Sep 20","AQ Digit",11,155.89,1714.79
"Sep 20","AQ Digit",11,182.24,2004.67
"Sep 20","AQ Digit",11,200.27,2203.01
"Sep 20","AQ Digit",11,199.12,2190.32
"Sep 20","AQ Digit",9,178.65,1607.86
"Sep 20","AQ Digit",9,186.30,1676.67
"Sep 20","AQ Digit",9,214.02,1926.21
"Sep 20","AQ Digit",9,215.93,1943.41
"Sep 20","AQ Digit",9,229.37,2064.36
"Sep 20","AQ Digit",11,188.10,2069.15
"Sep 20","AQ Digit",11,173.77,1911.46
"Sep 20","AQ Digit",11,206.96,2276.61
"Sep 20","AQ Digit",11,236.85,2605.33
"Sep 20","AQ Digit",11,249.99,2749.84
"Sep 20","AQ Digit",27,218.62,5902.78
"Sep 20","AQ Digit",27,212.06,5725.70
"Sep 20","AQ Digit",27,225.69,6093.72
"Sep 20","AQ Digit",27,232.10,6266.80
"Sep 20","AQ Digit",27,247.91,6693.56
"Sep 20","AQ Digit",40,216.74,8669.67
"Sep 20","AQ Digit",40,203.77,8150.64
"Sep 20","AQ Digit",40,241.40,9656.19
"Sep 20","AQ Digit",40,240.14,9605.61
"Sep 20","AQ Digit",40,249.49,9979.66
"Sep 20","AQ Digit",15,207.46,3111.93
"Sep 20","AQ Digit",15,224.18,3362.73
"Sep 20","AQ Digit",15,237.02,3555.27
"Sep 20","AQ Digit",15,254.65,3819.76
"Sep 20","AQ Digit",26,198.62,5164.16
"Sep 20","AQ Digit",26,219.40,5704.33
"Sep 20","AQ Digit",26,249.13,6477.39
"Sep 20","AQ Digit",26,254.71,6622.36
"Sep 20","AQ Digit",34,194.40,6609.56
"Sep 20","AQ Digit",34,217.13,7382.54
"Sep 20","AQ Digit",34,243.04,8263.41
"Sep 20","AQ Digit",34,269.21,9153.16
"Sep 20","AQ Velocity",29,217.71,6313.62
"Sep 20","AQ Velocity",29,250.73,7271.20
"Sep 20","AQ Velocity",29,264.70,7676.30
"Sep 20","AQ Velocity",29,275.14,7978.99
"Sep 20","AQ Velocity",38,198.12,7528.44
"Sep 20","AQ Velocity",38,227.56,8647.42
"Sep 20","AQ Velocity",38,267.21,10153.95
"Sep 20","AQ Velocity",38,272.31,10347.71
"Sep 20","AQ Velocity",36,193.45,6964.19
"Sep 20","AQ Velocity",36,241.41,8690.89
"Sep 20","AQ Velocity",36,261.23,9404.30
"Sep 20","AQ Velocity",36,285.18,10266.52
"Sep 20","AQ Velocity",40,211.94,8477.64
"Sep 20","AQ Velocity",40,243.97,9758.94
"Sep 20","AQ Velocity",40,267.06,10682.54
"Sep 20","AQ Velocity",40,279.54,11181.48
"Sep 20","AQ Velocity",23,226.74,5214.92
"Sep 20","AQ Velocity",23,249.70,5743.10
"Sep 20","AQ Velocity",23,277.81,6389.58
"Sep 20","AQ Velocity",23,297.84,6850.41
"Sep 20","AQ Velocity",29,213.23,6183.58
"Sep 20","AQ Velocity",29,252.99,7336.57
"Sep 20","AQ Velocity",29,275.82,7998.76
"Sep 20","AQ Velocity",29,275.43,7987.44
"Sep 20","AQ Elite",9,219.00,1971.03
"Sep 20","AQ Elite",9,258.22,2323.96
"Sep 20","AQ Elite",9,271.35,2442.12
"Sep 20","AQ Elite",9,294.31,2648.80
"Sep 20","AQ Elite",37,234.51,8676.82
"Sep 20","AQ Elite",37,270.56,10010.62
"Sep 20","AQ Elite",37,281.95,10432.16
"Sep 20","AQ Elite",37,309.55,11453.21
"Sep 20","AQ Elite",16,234.80,3756.77
"Sep 20","AQ Elite",16,267.87,4285.84
"Sep 20","AQ Elite",16,288.05,4608.80
"Sep 20","AQ Elite",16,298.89,4782.22
"Sep 20","AQ Elite",29,284.88,8261.55
"Sep 20","AQ Elite",29,286.90,8320.02
"Sep 20","AQ Elite",29,319.84,9275.23
"Sep 20","AQ Elite",15,299.42,4491.26
"Sep 20","AQ Elite",15,291.21,4368.11
"Sep 20","AQ Elite",15,321.13,4816.97
"Sep 20","AQ Elite",9,281.27,2531.40
"Sep 20","AQ Elite",9,287.57,2588.10
"Sep 20","AQ Elite",9,301.33,2712.01
"Sep 20","AQ Elite",12,272.49,3269.82
"Sep 20","AQ Elite",12,287.49,3449.92
"Sep 20","AQ Elite",12,327.69,3932.33
"Sep 20","AQ Elite",19,298.61,5673.65
"Sep 20","AQ Elite",19,297.03,5643.53
"Sep 20","AQ Elite",19,334.85,6362.19
"Sep 20","AQ Gen X",31,301.47,9345.48
"Sep 20","AQ Gen X",31,311.84,9667.03
"Sep 20","AQ Gen X",31,331.93,10289.90
"Sep 20","AQ Gen X",40,296.93,11877.15
"Sep 20","AQ Gen X",40,300.34,12013.51
"Sep 20","AQ Gen X",40,330.17,13206.64
"Sep 20","AQ Gen X",21,287.98,6047.65
"Sep 20","AQ Gen X",21,306.92,6445.30
"Sep 20","AQ Gen X",21,338.79,7114.52
"Sep 20","AQ Gen X",22,310.09,6821.95
"Sep 20","AQ Gen X",22,341.73,7518.15
"Sep 20","AQ Gen X",22,353.68,7781.05
"Sep 20","AQ Gen X",24,325.22,7805.17
"Sep 20","AQ Gen X",24,330.83,7939.87
"Sep 20","AQ Gen X",35,325.26,11383.96
"Sep 20","AQ Gen X",35,375.87,13155.43
"Sep 20","AQ Gen X",29,322.94,9365.34
"Sep 20","AQ Gen X",29,359.48,10424.80
"Sep 20","AQ Gen X",28,327.09,9158.60
"Sep 20","AQ Gen X",28,364.15,10196.06
"Sep 20","AQ Gen Y",31,347.25,10764.67
"Sep 20","AQ Gen Y",31,346.42,10738.97
"Sep 20","AQ Gen Y",10,346.69,3466.89
"Sep 20","AQ Gen Y",10,368.12,3681.20
"Sep 20","AQ Gen Y",8,366.05,2928.37
"Sep 20","AQ Gen Y",8,378.62,3028.96
"Sep 20","AQ Gen Y",11,353.10,3884.08
"Sep 20","AQ Gen Y",11,361.11,3972.16
"Sep 20","AQ Gen Y",16,349.25,5588.04
"Sep 20","AQ Gen Y",16,403.21,6451.44
"Sep 20","AQ Gen Y",33,348.54,11501.74
"Sep 20","AQ Gen Y",33,352.97,11647.85
"Sep 20","AQ Gen Y",20,347.80,6956.06
"Sep 20","AQ Gen Y",20,401.03,8020.60
"Sep 20","AQ Gen Y",27,363.06,9802.70
"Sep 20","AQ Gen Y",27,370.67,10008.03
"Sep 20","AQ GEN Z",10,367.73,3677.34
"Sep 20","AQ GEN Z",10,414.93,4149.31
"Sep 20","AQ GEN Z",17,371.40,6313.85
"Sep 20","AQ GEN Z",17,396.58,6741.89
"Sep 20","AQ GEN Z",13,361.65,4701.44
"Sep 20","AQ GEN Z",13,422.01,5486.17
"Sep 20","AQ GEN Z",38,380.22,14448.18
"Sep 20","AQ GEN Z",38,374.19,14219.18
"Sep 20","AQ GEN Z",11,377.41,4151.48
"Sep 20","AQ GEN Z",11,391.04,4301.40
"Sep 20","AQ BZ 101",13,362.81,4716.56
"Sep 20","AQ BZ 101",13,354.42,4607.40
"Sep 20","AQ BZ 101",13,414.05,5382.69
"Sep 20","AQ BZ 101",13,419.19,5449.52
"Sep 20","AQ BZ 101",13,454.00,5902.01
"Sep 20","AQ BZ 101",10,378.00,3779.96
"Sep 20","AQ BZ 101",10,358.59,3585.88
"Sep 20","AQ BZ 101",10,410.78,4107.83
"Sep 20","AQ BZ 101",10,451.49,4514.88
"Sep 20","AQ BZ 101",10,488.46,4884.62
"Sep 20","AQ BZ 101",28,382.53,10710.78
"Sep 20","AQ BZ 101",28,363.66,10182.38
"Sep 20","AQ BZ 101",28,404.55,11327.40
"Sep 20","AQ BZ 101",28,428.15,11988.06
"Sep 20","AQ BZ 101",28,477.90,13381.13
"Sep 20","AQ BZ 101",15,407.41,6111.12
"Sep 20","AQ BZ 101",15,381.48,5722.19
"Sep 20","AQ BZ 101",15,442.77,6641.62
"Sep 20","AQ BZ 101",15,460.28,6904.21
"Sep 20","AQ BZ 101",15,455.05,6825.82
"Sep 20","AQ BZ Compact",17,395.58,6724.84
"Sep 20","AQ BZ Compact",17,368.04,6256.70
"Sep 20","AQ BZ Compact",17,448.43,7623.38
"Sep 20","AQ BZ Compact",17,451.70,7678.98
"Sep 20","AQ BZ Compact",17,463.16,7873.67
"Sep 20","AQ BZ Compact",16,413.11,6609.73
"Sep 20","AQ BZ Compact",16,412.76,6604.13
"Sep 20","AQ BZ Compact",16,460.21,7363.39
"Sep 20","AQ BZ Compact",16,462.56,7400.91
"Sep 20","AQ BZ Compact",16,438.46,7015.39
"Sep 20","AQ BZ Compact",10,409.77,4097.72
"Sep 20","AQ BZ Compact",10,371.63,3716.31
"Sep 20","AQ BZ Compact",10,429.91,4299.14
"Sep 20","AQ BZ Compact",10,452.14,4521.42
"Sep 20","AQ BZ Compact",10,476.53,4765.34
"Sep 20","AQ BZ Compact",14,389.99,5459.81
"Sep 20","AQ BZ Compact",14,364.52,5103.29
"Sep 20","AQ BZ Compact",14,423.90,5934.55
"Sep 20","AQ BZ Compact",14,447.73,6268.27
"Sep 20","AQ BZ Compact",14,489.49,6852.80
"Sep 20","AQ BZ Compact",24,401.36,9632.71
"Sep 20","AQ BZ Compact",24,445.79,10698.86
"Sep 20","AQ BZ Compact",24,486.18,11668.23
"Sep 20","AQ BZ Compact",24,468.71,11249.06
"Sep 20","AQ BZ Compact",27,365.39,9865.64
"Sep 20","AQ BZ Compact",27,419.14,11316.91
"Sep 20","AQ BZ Compact",27,475.55,12839.97
"Sep 20","AQ BZ Compact",27,482.29,13021.84
"Sep 20","AQ BZ Compact",17,396.32,6737.45
"Sep 20","AQ BZ Compact",17,434.35,7383.94
"Sep 20","AQ BZ Compact",17,475.19,8078.24
"Sep 20","AQ BZ Compact",17,532.20,9047.32
"Sep 20","AQ BZ Compact",19,367.48,6982.03
"Sep 20","AQ BZ Compact",19,422.50,8027.51
"Sep 20","AQ BZ Compact",19,467.30,8878.79
"Sep 20","AQ BZ Compact",19,499.29,9486.52
"Sep 20","AQ BZ Gen Y",10,396.67,3966.66
"Sep 20","AQ BZ Gen Y",10,447.83,4478.33
"Sep 20","AQ BZ Gen Y",10,479.04,4790.44
"Sep 20","AQ BZ Gen Y",10,504.40,5044.03
"Sep 20","AQ BZ Gen Y",24,407.17,9772.17
"Sep 20","AQ BZ Gen Y",24,429.47,10307.35
"Sep 20","AQ BZ Gen Y",24,474.31,11383.52
"Sep 20","AQ BZ Gen Y",24,473.83,11371.80
"Sep 20","AQ BZ Gen Y",23,418.90,9634.60
"Sep 20","AQ BZ Gen Y",23,435.37,10013.52
"Sep 20","AQ BZ Gen Y",23,474.32,10909.25
"Sep 20","AQ BZ Gen Y",23,514.25,11827.78
"Sep 20","AQ BZ Gen Y",7,455.34,3187.38
"Sep 20","AQ BZ Gen Y",7,483.38,3383.67
"Sep 20","AQ BZ Gen Y",7,529.90,3709.32
"Sep 20","AQ BZ Gen Y",26,487.09,12664.43
"Sep 20","AQ BZ Gen Y",26,486.49,12648.63
"Sep 20","AQ BZ Gen Y",26,556.48,14468.61
"Sep 20","AQ BZ Gen Y",27,506.27,13669.26
"Sep 20","AQ BZ Gen Y",27,516.46,13944.37
"Sep 20","AQ BZ Gen Y",27,551.77,14897.74
"Sep 20","AQ BZ Gen Y",9,502.74,4524.62
"Sep 20","AQ BZ Gen Y",9,512.58,4613.23
"Sep 20","AQ BZ Gen Y",9,512.32,4610.90
"Sep 20","AQ BZ Gen Z",27,502.37,13564.05
"Sep 20","AQ BZ Gen Z",27,506.96,13688.04
"Sep 20","AQ BZ Gen Z",27,537.33,14507.83
"Sep 20","AQ BZ Gen Z",20,456.16,9123.17
"Sep 20","AQ BZ Gen Z",20,490.16,9803.16
"Sep 20","AQ BZ Gen Z",20,573.24,11464.82
"Sep 20","AQ BZ Gen Z",12,473.90,5686.77
"Sep 20","AQ BZ Gen Z",12,525.80,6309.65
"Sep 20","AQ BZ Gen Z",12,549.98,6599.76
"Sep 20","AQ BZ Gen Z",11,523.61,5759.71
"Sep 20","AQ BZ Gen Z",11,521.26,5733.86
"Sep 20","AQ BZ Gen Z",11,526.88,5795.65
"Sep 20","AQ BZ Gen Z",18,492.94,8872.83
"Sep 20","AQ BZ Gen Z",18,550.46,9908.27
"Sep 20","AQ BZ Gen Z",18,528.14,9506.51
"Sep 20","AQ BZ Gen Z",22,545.59,12003.05
"Sep 20","AQ BZ Gen Z",22,572.64,12597.99
"Sep 20","AQ BZ Gen Z",12,533.04,6396.48
"Sep 20","AQ BZ Gen Z",12,615.56,7386.75
"Sep 20","AQ Gamer 1",6,471.85,2831.10
"Sep 20","AQ Gamer 1",6,459.98,2759.90
"Sep 20","AQ Gamer 1",6,514.37,3086.21
"Sep 20","AQ Gamer 1",6,584.97,3509.83
"Sep 20","AQ Gamer 1",6,588.56,3531.34
"Sep 20","AQ Gamer 1",9,496.91,4472.22
"Sep 20","AQ Gamer 1",9,478.56,4307.03
"Sep 20","AQ Gamer 1",9,521.96,4697.61
"Sep 20","AQ Gamer 1",9,586.38,5277.44
"Sep 20","AQ Gamer 1",9,594.99,5354.92
"Sep 20","AQ Gamer 1",8,518.97,4151.78
"Sep 20","AQ Gamer 1",8,503.89,4031.15
"Sep 20","AQ Gamer 1",8,545.09,4360.69
"Sep 20","AQ Gamer 1",8,551.33,4410.64
"Sep 20","AQ Gamer 1",8,601.64,4813.12
"Sep 20","AQ Gamer 1",14,501.90,7026.55
"Sep 20","AQ Gamer 1",14,461.65,6463.10
"Sep 20","AQ Gamer 1",14,520.42,7285.93
"Sep 20","AQ Gamer 1",14,565.87,7922.25
"Sep 20","AQ Gamer 1",14,580.13,8121.86
"Sep 20","AQ Gamer 1",8,527.62,4221.00
"Sep 20","AQ Gamer 1",8,469.51,3756.07
"Sep 20","AQ Gamer 1",8,581.63,4653.04
"Sep 20","AQ Gamer 1",8,571.65,4573.19
"Sep 20","AQ Gamer 1",8,600.40,4803.23
"Sep 20","AQ Gamer 1",17,508.50,8644.57
"Sep 20","AQ Gamer 1",17,458.26,7790.36
"Sep 20","AQ Gamer 1",17,555.72,9447.18
"Sep 20","AQ Gamer 1",17,579.66,9854.24
"Sep 20","AQ Gamer 1",17,579.78,9856.33
"Sep 20","AQ Gamer 2",11,476.72,5243.96
"Sep 20","AQ Gamer 2",11,449.72,4946.93
"Sep 20","AQ Gamer 2",11,556.88,6125.68
"Sep 20","AQ Gamer 2",11,585.00,6435.00
"Sep 20","AQ Gamer 2",11,611.73,6729.03
"Sep 20","AQ Gamer 2",6,508.19,3049.13
"Sep 20","AQ Gamer 2",6,488.08,2928.48
"Sep 20","AQ Gamer 2",6,551.10,3306.59
"Sep 20","AQ Gamer 2",6,567.93,3407.56
"Sep 20","AQ Gamer 2",6,591.99,3551.94
"Sep 20","AQ Gamer 2",14,513.41,7187.80
"Sep 20","AQ Gamer 2",14,454.29,6359.99
"Sep 20","AQ Gamer 2",14,554.63,7764.78
"Sep 20","AQ Gamer 2",14,595.57,8338.00
"Sep 20","AQ Gamer 2",14,643.48,9008.69
"Sep 20","AQ Gamer 2",5,528.34,2641.71
"Sep 20","AQ Gamer 2",5,473.18,2365.88
"Sep 20","AQ Gamer 2",5,573.77,2868.83
"Sep 20","AQ Gamer 2",5,602.92,3014.60
"Sep 20","AQ Gamer 2",5,642.85,3214.27
"Sep 20","AQ Gamer 2",7,531.85,3722.92
"Sep 20","AQ Gamer 2",7,485.08,3395.55
"Sep 20","AQ Gamer 2",7,591.86,4143.02
"Sep 20","AQ Gamer 2",7,570.76,3995.30
"Sep 20","AQ Gamer 2",7,605.15,4236.06
"Sep 20","AQ Gamer 2",4,514.36,2057.44
"Sep 20","AQ Gamer 2",4,548.90,2195.60
"Sep 20","AQ Gamer 2",4,601.64,2406.56
"Sep 20","AQ Gamer 2",4,632.88,2531.53
"Sep 20","AQ Gamer 2",5,504.21,2521.07
"Sep 20","AQ Gamer 2",5,592.26,2961.29
"Sep 20","AQ Gamer 2",5,599.23,2996.15
"Sep 20","AQ Gamer 2",5,614.94,3074.70
"Sep 20","AQ Gamer 2",4,460.40,1841.61
"Sep 20","AQ Gamer 2",4,570.84,2283.37
"Sep 20","AQ Gamer 2",4,608.41,2433.63
"Sep 20","AQ Gamer 2",4,662.71,2650.84
"Sep 20","AQ Gamer 3",3,477.93,1433.79
"Sep 20","AQ Gamer 3",3,564.76,1694.29
"Sep 20","AQ Gamer 3",3,589.74,1769.22
"Sep 20","AQ Gamer 3",3,641.93,1925.78
"Sep 20","AQ Gamer 3",13,541.08,7034.04
"Sep 20","AQ Gamer 3",13,578.07,7514.90
"Sep 20","AQ Gamer 3",13,605.86,7876.23
"Sep 20","AQ Gamer 3",4,548.90,2195.58
"Sep 20","AQ Gamer 3",4,526.33,2105.31
"Sep 20","AQ Gamer 3",4,604.27,2417.09
"Sep 20","AQ Gamer 3",6,532.12,3192.73
"Sep 20","AQ Gamer 3",6,612.63,3675.81
"Sep 20","AQ Gamer 3",6,597.77,3586.62
"Sep 20","AQ Gamer 3",6,597.80,3586.77
"Sep 20","AQ Gamer 3",6,579.89,3479.34
"Sep 20","AQ Gamer 3",6,632.49,3794.93
"Sep 20","AQ Gamer 3",6,663.84,3983.05
"Sep 20","AQ Gamer 3",14,531.44,7440.13
"Sep 20","AQ Gamer 3",14,601.33,8418.58
"Sep 20","AQ Gamer 3",14,639.68,8955.54
"Sep 20","AQ Gamer 3",14,692.31,9692.35
"Sep 20","AQ Gamer 3",5,485.57,2427.86
"Sep 20","AQ Gamer 3",5,576.53,2882.65
"Sep 20","AQ Gamer 3",5,609.79,3048.96
"Sep 20","AQ Gamer 3",5,661.15,3305.73
"Sep 20","AQ Gamer 3",11,497.37,5471.04
"Sep 20","AQ Gamer 3",11,576.46,6341.05
"Sep 20","AQ Gamer 3",11,590.12,6491.27
"Sep 20","AQ Gamer 3",11,649.45,7143.93
"Sep 20","AQ Smash 1",8,551.61,4412.87
"Sep 20","AQ Smash 1",8,614.89,4919.14
"Sep 20","AQ Smash 1",8,642.07,5136.56
"Sep 20","AQ Smash 1",8,654.73,5237.80
"Sep 20","AQ Smash 1",8,497.45,3979.61
"Sep 20","AQ Smash 1",8,638.05,5104.37
"Sep 20","AQ Smash 1",8,593.83,4750.64
"Sep 20","AQ Smash 1",8,635.94,5087.51
"Sep 20","AQ Smash 1",13,547.85,7122.06
"Sep 20","AQ Smash 1",13,625.87,8136.27
"Sep 20","AQ Smash 1",13,631.19,8205.41
"Sep 20","AQ Smash 1",13,666.28,8661.68
"Sep 20","AQ Smash 1",15,474.48,7117.17
"Sep 20","AQ Smash 1",15,561.61,8424.14
"Sep 20","AQ Smash 1",15,639.96,9599.42
"Sep 20","AQ Smash 1",15,655.81,9837.08
"Sep 20","AQ Smash 1",12,527.29,6327.45
"Sep 20","AQ Smash 1",12,579.03,6948.32
"Sep 20","AQ Smash 1",12,601.82,7221.81
"Sep 20","AQ Smash 1",12,637.59,7651.11
"Sep 20","AQ Smash 1",10,592.92,5929.21
"Sep 20","AQ Smash 1",10,644.38,6443.78
"Sep 20","AQ Smash 1",10,629.27,6292.72
"Sep 20","AQ Smash 1",10,613.22,6132.20
"Sep 20","AQ Smash 1",10,655.78,6557.78
"Sep 20","AQ Smash 1",10,660.54,6605.44
"Sep 20","AQ Smash 1",14,560.99,7853.85
"Sep 20","AQ Smash 1",14,657.25,9201.54
"Sep 20","AQ Smash 1",14,703.37,9847.16
"Sep 20","AQ Smash 2",7,581.71,4071.95
"Sep 20","AQ Smash 2",7,649.69,4547.85
"Sep 20","AQ Smash 2",7,657.43,4602.02
"Sep 20","AQ Smash 2",13,627.99,8163.92
"Sep 20","AQ Smash 2",13,669.24,8700.15
"Sep 20","AQ Smash 2",7,678.30,4748.12
"Sep 20","AQ Smash 2",7,681.90,4773.29
"Sep 20","AQ Smash 2",15,655.83,9837.52
"Sep 20","AQ Smash 2",15,702.30,10534.56
"Sep 20","AQ Smash 2",6,674.43,4046.56
"Sep 20","AQ Smash 2",6,725.07,4350.40
"Sep 20","AQ Smash 2",6,720.55,4323.28
"Sep 20","AQ Smash 2",6,717.76,4306.58
"Sep 20","AQ BZ Allin1",27,681.30,18395.16
"Sep 20","AQ BZ Allin1",27,754.16,20362.21
"Sep 20","AQ BZ Allin1",28,697.55,19531.51
"Sep 20","AQ BZ Allin1",28,723.46,20256.92
"Sep 20","AQ BZ Allin1",10,735.15,7351.47
"Sep 20","AQ BZ Allin1",10,796.50,7964.95
"Sep 20","AQ BZ Allin1",22,690.50,15190.94
"Sep 20","AQ BZ Allin1",22,720.65,15854.30
"Sep 20","AQ BZ Allin1",19,709.39,13478.46
"Sep 20","AQ BZ Allin1",14,692.52,9695.34
"Sep 20","AQ BZ Allin1",14,700.99,9813.93
"Sep 20","AQ BZ Allin1",11,737.68,8114.45
"Sep 20","AQ BZ Allin1",11,793.64,8730.06
"Sep 20","AQ BZ Allin1",18,746.74,13441.30
"Sep 20","AQ Home Allin1",1,689.54,689.54
"Sep 20","AQ Home Allin1",1,640.89,640.89
"Sep 20","AQ Home Allin1",1,713.96,713.96
"Sep 20","AQ Home Allin1",1,800.46,800.46
"Sep 20","AQ Home Allin1",5,693.45,3467.25
"Sep 20","AQ Home Allin1",5,676.53,3382.63
"Sep 20","AQ Home Allin1",5,748.89,3744.46
"Sep 20","AQ Home Allin1",5,764.05,3820.27
"Sep 20","AQ Home Allin1",6,693.77,4162.60
"Sep 20","AQ Home Allin1",6,746.81,4480.87
"Sep 20","AQ Home Allin1",6,770.98,4625.87
"Sep 20","AQ Home Allin1",6,850.21,5101.29
"Sep 20","AQ Home Allin1",5,676.69,3383.45
"Sep 20","AQ Home Allin1",5,719.95,3599.73
"Sep 20","AQ Home Allin1",5,749.10,3745.49
"Sep 20","AQ Home Allin1",5,848.47,4242.33
"Sep 20","AQ Home Allin1",2,626.26,1252.51
"Sep 20","AQ Home Allin1",2,729.72,1459.43
"Sep 20","AQ Home Allin1",2,766.65,1533.29
"Sep 20","AQ Home Allin1",2,795.50,1590.99
"Sep 20","AQ Home Allin1",6,684.41,4106.47
"Sep 20","AQ Home Allin1",6,787.59,4725.52
"Sep 20","AQ Home Allin1",6,804.53,4827.19
"Sep 20","AQ Home Allin1",4,730.06,2920.24
"Sep 20","AQ Home Allin1",4,785.99,3143.97
"Sep 20","AQ Home Allin1",4,852.13,3408.51
"Sep 20","AQ Home Allin1",5,796.66,3983.30
"Sep 20","AQ Home Allin1",5,804.12,4020.61
"Sep 20","AQ HOME Allin1 Gen 2",2,824.09,1648.18
"Sep 20","AQ HOME Allin1 Gen 2",2,875.47,1750.94
"Sep 20","AQ HOME Allin1 Gen 2",3,790.10,2370.31
"Sep 20","AQ HOME Allin1 Gen 2",3,838.34,2515.03
"Sep 20","AQ HOME Allin1 Gen 2",4,769.56,3078.25
"Sep 20","AQ HOME Allin1 Gen 2",4,797.09,3188.38
"Sep 20","AQ HOME Allin1 Gen 2",2,807.26,1614.53
"Sep 20","AQ HOME Allin1 Gen 2",2,838.40,1676.81
"Sep 20","AQ HOME Allin1 Gen 2",2,834.98,1669.96
"Sep 20","AQ HOME Allin1 Gen 2",2,890.14,1780.27
"Sep 20","AQ HOME Allin1 Gen 2",4,810.60,3242.41
"Sep 20","AQ HOME Allin1 Gen 2",4,877.76,3511.02
"Sep 20","AQ Digit SSD",139,13.20,1834.93
"Sep 20","AQ Digit SSD",139,12.19,1694.72
"Sep 20","AQ Digit SSD",139,13.70,1904.45
"Sep 20","AQ Digit SSD",139,13.59,1889.58
"Sep 20","AQ Digit SSD",476,14.34,6827.22
"Sep 20","AQ Digit SSD",476,13.79,6563.47
"Sep 20","AQ Digit SSD",476,14.43,6868.01
"Sep 20","AQ Digit SSD",476,15.25,7258.10
"Sep 20","AQ Digit SSD",310,13.36,4141.23
"Sep 20","AQ Digit SSD",310,15.54,4816.53
"Sep 20","AQ Digit SSD",310,16.30,5053.09
"Sep 20","AQ Digit SSD",310,17.32,5368.24
"Sep 20","AQ Neuer SSD",316,14.56,4600.01
"Sep 20","AQ Neuer SSD",316,16.50,5213.62
"Sep 20","AQ Neuer SSD",316,17.36,5485.44
"Sep 20","AQ Neuer SSD",316,18.87,5963.74
"Sep 20","AQ Neuer SSD",730,16.49,12039.82
"Sep 20","AQ Neuer SSD",730,16.89,12330.07
"Sep 20","AQ Neuer SSD",730,18.57,13558.51
"Sep 20","AQ Neuer SSD",730,19.70,14381.51
"Sep 20","AQ Neuer SSD",911,16.74,15252.69
"Sep 20","AQ Neuer SSD",911,17.76,16183.19
"Sep 20","AQ Neuer SSD",911,19.34,17621.75
"Sep 20","AQ Neuer SSD",911,20.26,18455.95
"Sep 20","AQ Clx1",799,18.61,14867.71
"Sep 20","AQ Clx1",799,17.80,14225.64
"Sep 20","AQ Clx1",799,19.25,15377.95
"Sep 20","AQ Clx1",204,17.40,3550.46
"Sep 20","AQ Clx1",204,19.67,4013.15
"Sep 20","AQ Clx1",204,21.40,4365.50
"Sep 20","AQ Clx1",1028,18.33,18841.39
"Sep 20","AQ Clx1",1028,19.33,19875.56
"Sep 20","AQ Clx1",1028,20.68,21259.14
"Sep 20","AQ Clx2",705,18.72,13195.56
"Sep 20","AQ Clx2",705,20.29,14303.67
"Sep 20","AQ Clx2",705,20.97,14782.65
"Sep 20","AQ Clx2",582,20.17,11736.03
"Sep 20","AQ Clx2",582,21.06,12258.38
"Sep 20","AQ Clx2",984,21.28,20942.47
"Sep 20","AQ Clx2",984,22.69,22323.42
"Sep 20","AQ Clx3",732,22.85,16728.40
"Sep 20","AQ Clx3",732,22.86,16735.42
"Sep 20","AQ Pen Drive 2 IN 1",194,4.38,850.34
"Sep 20","AQ Pen Drive 2 IN 1",194,4.44,861.57
"Sep 20","AQ Pen Drive 2 IN 1",194,4.74,919.93
"Sep 20","AQ Pen Drive DRC",1697,2.97,5038.56
"Sep 20","AQ Pen Drive DRC",1697,3.00,5089.30
"Sep 20","AQ Pen Drive DRC",1697,3.38,5730.09
"Sep 20","AQ Pen Drive DRC",855,3.85,3294.40
"Sep 20","AQ Pen Drive DRC",855,4.01,3428.46
"Sep 20","AQ Pen Drive DRC",1556,5.10,7933.11
"Sep 20","AQ Pen Drive DRC",1556,5.29,8227.04
"Sep 20","AQ Wi Power Dx1",528,25.94,13693.89
"Sep 20","AQ Wi Power Dx1",528,23.42,12366.24
"Sep 20","AQ Wi Power Dx1",528,26.15,13807.20
"Sep 20","AQ Wi Power Dx1",528,29.67,15666.39
"Sep 20","AQ Wi Power Dx1",619,23.64,14633.41
"Sep 20","AQ Wi Power Dx1",619,28.89,17882.04
"Sep 20","AQ Wi Power Dx1",619,29.93,18524.44
"Sep 20","AQ Wi Power Dx1",480,24.81,11907.60
"Sep 20","AQ Wi Power Dx1",480,29.18,14004.72
"Sep 20","AQ Wi Power Dx1",480,28.77,13811.33
"Sep 20","AQ Wi Power Dx2",616,25.01,15407.95
"Sep 20","AQ Wi Power Dx2",616,28.41,17503.02
"Sep 20","AQ Wi Power Dx2",616,32.96,20301.82
"Sep 20","AQ Wi Power Dx2",616,35.14,21646.98
"Sep 20","AQ Wi Power Dx2",96,35.37,3395.60
"Sep 20","AQ Wi Power Dx2",96,35.21,3379.71
"Sep 20","AQ Wi Power Dx2",96,39.32,3775.04
"Sep 20","AQ Wi Power Dx2",350,37.92,13270.64
"Sep 20","AQ Wi Power Dx2",350,37.48,13117.44
"Sep 20","AQ Wi Power Dx2",350,40.32,14110.88
"Sep 20","AQ Wi Power Dx3",272,40.80,11096.35
"Sep 20","AQ Wi Power Dx3",272,44.63,12138.27
"Sep 20","AQ Wi Power Dx3",507,43.94,22279.91
"Sep 20","AQ Wi Power Dx3",507,46.04,23342.23
"Sep 20","AQ Wi Power Dx3",190,42.85,8141.18
"Sep 20","AQ Wi Power Dx3",190,43.56,8275.62
"Oct 20","AQ Dracula HDD – 3.5 Inch SATA 6 Gb/s 5400 RPM 256 MB Cache",95,15.40,1462.54
"Oct 20","AQ Dracula HDD – 3.5 Inch SATA 6 Gb/s 5400 RPM 256 MB Cache",95,14.44,1371.72
"Oct 20","AQ Dracula HDD – 3.5 Inch SATA 6 Gb/s 5400 RPM 256 MB Cache",95,16.23,1542.07
"Oct 20","AQ Dracula HDD – 3.5 Inch SATA 6 Gb/s 5400 RPM 256 MB Cache",95,19.06,1810.44
"Oct 20","AQ Dracula HDD – 3.5 Inch SATA 6 Gb/s 5400 RPM 256 MB Cache",237,19.59,4642.24
"Oct 20","AQ Dracula HDD – 3.5 Inch SATA 6 Gb/s 5400 RPM 256 MB Cache",237,18.56,4398.60
"Oct 20","AQ Dracula HDD – 3.5 Inch SATA 6 Gb/s 5400 RPM 256 MB Cache",237,19.86,4706.27
"Oct 20","AQ Dracula HDD – 3.5 Inch SATA 6 Gb/s 5400 RPM 256 MB Cache",237,21.46,5085.19
"Oct 20","AQ Dracula HDD – 3.5 Inch SATA 6 Gb/s 5400 RPM 256 MB Cache",102,19.36,1975.03
"Oct 20","AQ Dracula HDD – 3.5 Inch SATA 6 Gb/s 5400 RPM 256 MB Cache",102,19.34,1973.11
"Oct 20","AQ Dracula HDD – 3.5 Inch SATA 6 Gb/s 5400 RPM 256 MB Cache",102,22.13,2257.43
"Oct 20","AQ Dracula HDD – 3.5 Inch SATA 6 Gb/s 5400 RPM 256 MB Cache",102,21.78,2221.51
"Oct 20","AQ Dracula HDD – 3.5 Inch SATA 6 Gb/s 5400 RPM 256 MB Cache",102,23.99,2447.18
"Oct 20","AQ Dracula HDD – 3.5 Inch SATA 6 Gb/s 5400 RPM 256 MB Cache",276,19.57,5402.51
"Oct 20","AQ Dracula HDD – 3.5 Inch SATA 6 Gb/s 5400 RPM 256 MB Cache",276,18.51,5107.99
"Oct 20","AQ Dracula HDD – 3.5 Inch SATA 6 Gb/s 5400 RPM 256 MB Cache",276,20.77,5733.46
"Oct 20","AQ Dracula HDD – 3.5 Inch SATA 6 Gb/s 5400 RPM 256 MB Cache",276,22.97,6340.52
"Oct 20","AQ Dracula HDD – 3.5 Inch SATA 6 Gb/s 5400 RPM 256 MB Cache",276,23.63,6521.82
"Oct 20","AQ WereWolf NAS Internal Hard Drive HDD – 8.89 cm",164,18.47,3028.47
"Oct 20","AQ WereWolf NAS Internal Hard Drive HDD – 8.89 cm",164,22.23,3645.69
"Oct 20","AQ WereWolf NAS Internal Hard Drive HDD – 8.89 cm",164,23.70,3886.59
"Oct 20","AQ WereWolf NAS Internal Hard Drive HDD – 8.89 cm",164,25.03,4104.69
"Oct 20","AQ WereWolf NAS Internal Hard Drive HDD – 8.89 cm",97,20.82,2019.76
"Oct 20","AQ WereWolf NAS Internal Hard Drive HDD – 8.89 cm",97,24.16,2343.15
"Oct 20","AQ WereWolf NAS Internal Hard Drive HDD – 8.89 cm",97,24.73,2398.93
"Oct 20","AQ WereWolf NAS Internal Hard Drive HDD – 8.89 cm",97,25.15,2439.71
"Oct 20","AQ WereWolf NAS Internal Hard Drive HDD – 8.89 cm",306,23.92,7319.31
"Oct 20","AQ WereWolf NAS Internal Hard Drive HDD – 8.89 cm",306,23.62,7226.31
"Oct 20","AQ WereWolf NAS Internal Hard Drive HDD – 8.89 cm",306,25.78,7888.86
"Oct 20","AQ Zion Saga",205,22.29,4568.55
"Oct 20","AQ Zion Saga",205,23.72,4863.07
"Oct 20","AQ Zion Saga",205,25.82,5292.46
"Oct 20","AQ Zion Saga",135,27.10,3658.86
"Oct 20","AQ Zion Saga",135,29.51,3983.51
"Oct 20","AQ Zion Saga",249,28.01,6973.47
"Oct 20","AQ Zion Saga",249,30.31,7546.19
"Oct 20","AQ Mforce Gen X",220,17.84,3925.88
"Oct 20","AQ Mforce Gen X",220,15.93,3505.59
"Oct 20","AQ Mforce Gen X",220,17.44,3837.59
"Oct 20","AQ Mforce Gen X",220,19.52,4295.17
"Oct 20","AQ Mforce Gen X",220,21.09,4640.09
"Oct 20","AQ Mforce Gen X",226,18.65,4213.93
"Oct 20","AQ Mforce Gen X",226,17.50,3955.61
"Oct 20","AQ Mforce Gen X",226,19.05,4304.94
"Oct 20","AQ Mforce Gen X",226,19.92,4502.80
"Oct 20","AQ Mforce Gen X",226,19.74,4460.31
"Oct 20","AQ Mforce Gen X",248,17.25,4277.43
"Oct 20","AQ Mforce Gen X",248,16.53,4098.40
"Oct 20","AQ Mforce Gen X",248,18.56,4602.68
"Oct 20","AQ Mforce Gen X",248,20.08,4979.00
"Oct 20","AQ Mforce Gen X",248,20.35,5045.98
"Oct 20","AQ Mforce Gen X",75,16.28,1221.14
"Oct 20","AQ Mforce Gen X",75,17.70,1327.67
"Oct 20","AQ Mforce Gen X",75,19.94,1495.24
"Oct 20","AQ Mforce Gen X",75,20.65,1548.38
"Oct 20","AQ Mforce Gen Y",82,18.22,1494.43
"Oct 20","AQ Mforce Gen Y",82,21.98,1802.17
"Oct 20","AQ Mforce Gen Y",82,22.40,1836.67
"Oct 20","AQ Mforce Gen Y",49,21.20,1038.57
"Oct 20","AQ Mforce Gen Y",49,24.17,1184.12
"Oct 20","AQ Mforce Gen Y",49,24.93,1221.56
"Oct 20","AQ Mforce Gen Y",193,22.29,4302.28
"Oct 20","AQ Mforce Gen Y",193,24.31,4692.35
"Oct 20","AQ Mforce Gen Y",193,26.59,5131.31
"Oct 20","AQ Mforce Gen Y",193,23.85,4602.90
"Oct 20","AQ Mforce Gen Y",193,24.78,4782.98
"Oct 20","AQ Mforce Gen Y",193,26.11,5038.86
"Oct 20","AQ Mforce Gen Y",193,28.21,5443.66
"Oct 20","AQ Mforce Gen Y",216,24.89,5376.37
"Oct 20","AQ Mforce Gen Y",216,27.22,5879.54
"Oct 20","AQ Mforce Gen Y",216,29.70,6415.37
"Oct 20","AQ Mforce Gen Y",216,31.54,6813.63
"Oct 20","AQ Mforce Gen Y",136,23.02,3130.75
"Oct 20","AQ Mforce Gen Y",136,26.48,3601.20
"Oct 20","AQ Mforce Gen Y",136,31.24,4249.17
"Oct 20","AQ Mforce Gen Y",136,33.85,4603.12
"Oct 20","AQ Mforce Gen Y",123,26.71,3285.80
"Oct 20","AQ Mforce Gen Y",123,27.46,3377.12
"Oct 20","AQ Mforce Gen Y",123,32.44,3990.45
"Oct 20","AQ Mforce Gen Y",123,34.87,4288.99
"Oct 20","AQ Mforce Gen Y",219,26.97,5905.88
"Oct 20","AQ Mforce Gen Y",219,29.75,6515.80
"Oct 20","AQ Mforce Gen Y",219,30.58,6697.37
"Oct 20","AQ Mforce Gen Y",219,34.73,7606.35
"Oct 20","AQ Mforce Gen Z",45,29.37,1321.72
"Oct 20","AQ Mforce Gen Z",45,30.47,1371.13
"Oct 20","AQ Mforce Gen Z",45,33.74,1518.48
"Oct 20","AQ Mforce Gen Z",29,31.62,917.04
"Oct 20","AQ Mforce Gen Z",29,34.10,988.82
"Oct 20","AQ Mforce Gen Z",29,34.56,1002.24
"Oct 20","AQ Mforce Gen Z",93,33.56,3121.41
"Oct 20","AQ Mforce Gen Z",93,34.24,3184.43
"Oct 20","AQ Mforce Gen Z",93,37.83,3518.29
"Oct 20","AQ Mforce Gen Z",242,33.28,8054.27
"Oct 20","AQ Mforce Gen Z",242,37.58,9094.99
"Oct 20","AQ Mforce Gen Z",242,39.43,9541.72
"Oct 20","AQ Mforce Gen Z",231,33.50,7738.22
"Oct 20","AQ Mforce Gen Z",231,36.57,8447.18
"Oct 20","AQ Mforce Gen Z",231,37.97,8770.77
"Oct 20","AQ Mforce Gen Z",231,35.13,8115.77
"Oct 20","AQ Mforce Gen Z",231,37.53,8668.92
"Oct 20","AQ Mforce Gen Z",231,37.38,8634.69
"Oct 20","AQ Mforce Gen Z",47,36.25,1703.82
"Oct 20","AQ Mforce Gen Z",47,36.24,1703.44
"Oct 20","AQ Mforce Gen Z",47,38.68,1817.88
"Oct 20","AQ Mforce Gen Z",235,38.09,8951.27
"Oct 20","AQ Mforce Gen Z",235,39.40,9258.77
"Oct 20","AQ Mforce Gen Z",235,42.94,10091.82
"Oct 20","AQ GT 21",218,36.32,7917.45
"Oct 20","AQ GT 21",218,39.34,8575.62
"Oct 20","AQ GT 21",218,41.26,8995.36
"Oct 20","AQ GT 21",43,38.68,1663.11
"Oct 20","AQ GT 21",43,39.15,1683.30
"Oct 20","AQ GT 21",43,40.62,1746.67
"Oct 20","AQ GT 21",184,39.30,7231.02
"Oct 20","AQ GT 21",184,41.83,7697.47
"Oct 20","AQ GT 21",64,39.12,2503.78
"Oct 20","AQ GT 21",64,43.99,2815.06
"Oct 20","AQ Marquee P3",174,40.50,7047.23
"Oct 20","AQ Marquee P3",174,41.00,7134.75
"Oct 20","AQ Marquee P3",237,43.30,10261.29
"Oct 20","AQ Marquee P3",237,45.15,10699.39
"Oct 20","AQ Marquee P3",237,42.38,10045.03
"Oct 20","AQ Marquee P3",237,45.81,10857.89
"Oct 20","AQ Marquee P3",249,44.70,11131.40
"Oct 20","AQ Marquee P3",249,42.59,10603.89
"Oct 20","AQ Marquee P4",217,45.08,9782.64
"Oct 20","AQ Marquee P4",217,45.80,9939.53
"Oct 20","AQ 5000 Series Electron 9 5900X Desktop Processor",132,96.82,12780.03
"Oct 20","AQ 5000 Series Electron 9 5900X Desktop Processor",132,94.94,12532.15
"Oct 20","AQ 5000 Series Electron 9 5900X Desktop Processor",132,106.02,13994.77
"Oct 20","AQ 5000 Series Electron 9 5900X Desktop Processor",132,111.10,14665.68
"Oct 20","AQ 5000 Series Electron 9 5900X Desktop Processor",226,108.72,24570.25
"Oct 20","AQ 5000 Series Electron 9 5900X Desktop Processor",226,101.89,23026.12
"Oct 20","AQ 5000 Series Electron 9 5900X Desktop Processor",226,117.15,26475.92
"Oct 20","AQ 5000 Series Electron 9 5900X Desktop Processor",226,123.48,27906.41
"Oct 20","AQ 5000 Series Electron 9 5900X Desktop Processor",196,105.17,20612.56
"Oct 20","AQ 5000 Series Electron 9 5900X Desktop Processor",196,110.69,21694.87
"Oct 20","AQ 5000 Series Electron 9 5900X Desktop Processor",196,116.03,22742.12
"Oct 20","AQ 5000 Series Electron 9 5900X Desktop Processor",196,123.93,24290.57
"Oct 20","AQ 5000 Series Electron 8 5900X Desktop Processor",138,111.90,15442.74
"Oct 20","AQ 5000 Series Electron 8 5900X Desktop Processor",138,104.14,14370.85
"Oct 20","AQ 5000 Series Electron 8 5900X Desktop Processor",138,121.93,16826.63
"Oct 20","AQ 5000 Series Electron 8 5900X Desktop Processor",138,124.26,17148.43
"Oct 20","AQ 5000 Series Electron 8 5900X Desktop Processor",138,142.89,19719.01
"Oct 20","AQ 5000 Series Electron 8 5900X Desktop Processor",108,120.13,12973.67
"Oct 20","AQ 5000 Series Electron 8 5900X Desktop Processor",108,122.51,13230.83
"Oct 20","AQ 5000 Series Electron 8 5900X Desktop Processor",108,129.91,14030.69
"Oct 20","AQ 5000 Series Electron 8 5900X Desktop Processor",108,129.58,13995.03
"Oct 20","AQ 5000 Series Electron 8 5900X Desktop Processor",108,147.83,15965.56
"Oct 20","AQ 5000 Series Electron 8 5900X Desktop Processor",220,117.24,25792.51
"Oct 20","AQ 5000 Series Electron 8 5900X Desktop Processor",220,122.03,26847.24
"Oct 20","AQ 5000 Series Electron 8 5900X Desktop Processor",220,121.89,26816.15
"Oct 20","AQ 5000 Series Electron 8 5900X Desktop Processor",220,139.90,30777.16
"Oct 20","AQ 5000 Series Electron 8 5900X Desktop Processor",220,146.57,32245.91
"Oct 20","AQ 5000 Series Ultron 8 5900X Desktop Processor",97,123.38,11967.55
"Oct 20","AQ 5000 Series Ultron 8 5900X Desktop Processor",97,122.68,11900.12
"Oct 20","AQ 5000 Series Ultron 8 5900X Desktop Processor",97,129.22,12534.25
"Oct 20","AQ 5000 Series Ultron 8 5900X Desktop Processor",97,135.68,13161.17
"Oct 20","AQ 5000 Series Ultron 8 5900X Desktop Processor",97,141.96,13769.78
"Oct 20","AQ 5000 Series Ultron 8 5900X Desktop Processor",258,122.16,31517.28
"Oct 20","AQ 5000 Series Ultron 8 5900X Desktop Processor",258,137.87,35569.89
"Oct 20","AQ 5000 Series Ultron 8 5900X Desktop Processor",258,145.15,37448.03
"Oct 20","AQ 5000 Series Ultron 8 5900X Desktop Processor",258,140.78,36320.96
"Oct 20","AQ 5000 Series Ultron 8 5900X Desktop Processor",83,136.26,11309.68
"Oct 20","AQ 5000 Series Ultron 8 5900X Desktop Processor",83,141.06,11708.00
"Oct 20","AQ 5000 Series Ultron 8 5900X Desktop Processor",83,142.94,11864.04
"Oct 20","AQ 5000 Series Ultron 8 5900X Desktop Processor",83,150.90,12524.74
"Oct 20","AQ Electron 5 3600 Desktop Processor",132,145.24,19172.19
"Oct 20","AQ Electron 5 3600 Desktop Processor",132,149.10,19681.65
"Oct 20","AQ Electron 5 3600 Desktop Processor",132,156.54,20663.46
"Oct 20","AQ Electron 5 3600 Desktop Processor",55,156.60,8612.76
"Oct 20","AQ Electron 5 3600 Desktop Processor",55,150.25,8263.48
"Oct 20","AQ Electron 5 3600 Desktop Processor",55,159.31,8762.26
"Oct 20","AQ Electron 5 3600 Desktop Processor",136,145.21,19748.71
"Oct 20","AQ Electron 5 3600 Desktop Processor",136,160.69,21854.00
"Oct 20","AQ Electron 5 3600 Desktop Processor",136,168.54,22921.78
"Oct 20","AQ Electron 4 3600 Desktop Processor",97,145.54,14117.54
"Oct 20","AQ Electron 4 3600 Desktop Processor",97,160.51,15569.30
"Oct 20","AQ Electron 4 3600 Desktop Processor",97,171.49,16634.80
"Oct 20","AQ Electron 4 3600 Desktop Processor",41,169.50,6949.50
"Oct 20","AQ Electron 4 3600 Desktop Processor",41,170.84,7004.42
"Oct 20","AQ Electron 4 3600 Desktop Processor",136,176.44,23995.69
"Oct 20","AQ Electron 4 3600 Desktop Processor",136,188.39,25621.15
"Oct 20","AQ Electron 3 3600 Desktop Processor",99,186.29,18442.88
"Oct 20","AQ Electron 3 3600 Desktop Processor",99,198.04,19606.04
"Oct 20","AQ Electron 3 3600 Desktop Processor",251,185.46,46550.43
"Oct 20","AQ Electron 3 3600 Desktop Processor",251,203.47,51071.60
"Oct 20","AQ MB Elite",104,17.38,1807.93
"Oct 20","AQ MB Elite",104,14.99,1558.78
"Oct 20","AQ MB Elite",104,18.54,1927.91
"Oct 20","AQ MB Elite",104,19.65,2043.44
"Oct 20","AQ MB Elite",146,16.33,2384.79
"Oct 20","AQ MB Elite",146,16.22,2368.56
"Oct 20","AQ MB Elite",146,17.86,2607.08
"Oct 20","AQ MB Elite",146,20.46,2987.58
"Oct 20","AQ MB Elite",137,18.59,2547.12
"Oct 20","AQ MB Elite",137,19.19,2628.51
"Oct 20","AQ MB Elite",137,19.91,2728.00
"Oct 20","AQ MB Elite",137,21.20,2904.63
"Oct 20","AQ MB Elite",94,20.66,1942.46
"Oct 20","AQ MB Elite",94,21.48,2019.45
"Oct 20","AQ MB Elite",94,22.87,2149.82
"Oct 20","AQ MB Elite",94,21.45,2016.20
"Oct 20","AQ MB Crossx",158,21.82,3447.78
"Oct 20","AQ MB Crossx",158,19.85,3135.89
"Oct 20","AQ MB Crossx",158,22.12,3495.61
"Oct 20","AQ MB Crossx",158,21.89,3458.29
"Oct 20","AQ MB Crossx",158,24.95,3942.70
"Oct 20","AQ MB Crossx",25,22.07,551.75
"Oct 20","AQ MB Crossx",25,23.28,582.00
"Oct 20","AQ MB Crossx",25,22.90,572.39
"Oct 20","AQ MB Crossx",25,24.31,607.67
"Oct 20","AQ MB Crossx",76,25.26,1919.40
"Oct 20","AQ MB Crossx",76,24.46,1859.26
"Oct 20","AQ MB Crossx",76,27.34,2078.18
"Oct 20","AQ MB Crossx",76,29.02,2205.73
"Oct 20","AQ MB Crossx",66,24.68,1628.92
"Oct 20","AQ MB Crossx",66,28.06,1852.11
"Oct 20","AQ MB Crossx",66,28.40,1874.34
"Oct 20","AQ MB Crossx",66,29.83,1969.10
"Oct 20","AQ MB Crossx 2",46,22.59,1039.33
"Oct 20","AQ MB Crossx 2",46,28.09,1291.94
"Oct 20","AQ MB Crossx 2",46,28.86,1327.63
"Oct 20","AQ MB Crossx 2",46,32.20,1481.38
"Oct 20","AQ MB Crossx 2",127,29.60,3759.09
"Oct 20","AQ MB Crossx 2",127,31.95,4057.97
"Oct 20","AQ MB Crossx 2",127,34.42,4370.82
"Oct 20","AQ MB Crossx 2",153,30.74,4703.02
"Oct 20","AQ MB Crossx 2",153,32.19,4925.44
"Oct 20","AQ MB Crossx 2",153,36.70,5615.38
"Oct 20","AQ MB Crossx 2",167,30.77,5138.27
"Oct 20","AQ MB Crossx 2",167,32.26,5387.62
"Oct 20","AQ MB Crossx 2",167,36.24,6052.35
"Oct 20","AQ MB Lito",108,33.76,3646.18
"Oct 20","AQ MB Lito",108,35.04,3784.78
"Oct 20","AQ MB Lito",88,35.03,3082.25
"Oct 20","AQ MB Lito",88,36.47,3209.15
"Oct 20","AQ MB Lito",79,35.84,2830.97
"Oct 20","AQ MB Lito",79,36.40,2875.84
"Oct 20","AQ MB Lito",117,38.98,4560.43
"Oct 20","AQ MB Lito",117,43.05,5036.32
"Oct 20","AQ MB Lito 2",26,41.37,1075.61
"Oct 20","AQ MB Lito 2",26,40.38,1049.75
"Oct 20","AQ MB Lito 2",168,39.39,6618.06
"Oct 20","AQ MB Lito 2",168,45.46,7637.28
"Oct 20","AQ MB Lito 2",179,45.44,8133.35
"Oct 20","AQ MB Lito 2",179,46.65,8350.96
"Oct 20","AQ Master wired x1 Ms",1036,2.93,3035.07
"Oct 20","AQ Master wired x1 Ms",1036,2.84,2946.90
"Oct 20","AQ Master wired x1 Ms",1036,2.92,3021.80
"Oct 20","AQ Master wired x1 Ms",1036,2.94,3049.36
"Oct 20","AQ Master wired x1 Ms",1111,3.46,3849.28
"Oct 20","AQ Master wired x1 Ms",1111,3.24,3605.08
"Oct 20","AQ Master wired x1 Ms",1111,3.51,3901.50
"Oct 20","AQ Master wired x1 Ms",1111,4.00,4443.78
"Oct 20","AQ Master wired x1 Ms",352,4.01,1410.99
"Oct 20","AQ Master wired x1 Ms",352,3.83,1348.58
"Oct 20","AQ Master wired x1 Ms",352,4.31,1516.56
"Oct 20","AQ Master wired x1 Ms",352,4.53,1594.38
"Oct 20","AQ Master wired x1 Ms",352,4.64,1633.39
"Oct 20","AQ Master wired x1 Ms",979,4.28,4189.83
"Oct 20","AQ Master wired x1 Ms",979,3.95,3863.62
"Oct 20","AQ Master wired x1 Ms",979,4.63,4532.48
"Oct 20","AQ Master wired x1 Ms",979,5.05,4939.94
"Oct 20","AQ Master wired x1 Ms",979,5.18,5067.30
"Oct 20","AQ Master wired x1 Ms",600,4.55,2728.56
"Oct 20","AQ Master wired x1 Ms",600,4.06,2437.56
"Oct 20","AQ Master wired x1 Ms",600,4.84,2902.86
"Oct 20","AQ Master wired x1 Ms",600,4.69,2814.24
"Oct 20","AQ Master wired x1 Ms",600,5.10,3061.44
"Oct 20","AQ Master wired x1 Ms",860,5.26,4524.12
"Oct 20","AQ Master wired x1 Ms",860,4.46,3831.39
"Oct 20","AQ Master wired x1 Ms",860,5.27,4530.05
"Oct 20","AQ Master wired x1 Ms",860,5.25,4518.61
"Oct 20","AQ Master wired x1 Ms",860,5.27,4528.24
"Oct 20","AQ Master wireless x1 Ms",368,4.58,1686.69
"Oct 20","AQ Master wireless x1 Ms",368,4.83,1778.07
"Oct 20","AQ Master wireless x1 Ms",368,5.28,1943.81
"Oct 20","AQ Master wireless x1 Ms",368,5.44,2001.29
"Oct 20","AQ Master wireless x1 Ms",368,5.92,2179.66
"Oct 20","AQ Master wireless x1 Ms",584,5.51,3215.15
"Oct 20","AQ Master wireless x1 Ms",584,5.46,3186.25
"Oct 20","AQ Master wireless x1 Ms",584,5.87,3430.12
"Oct 20","AQ Master wireless x1 Ms",584,6.41,3740.75
"Oct 20","AQ Master wireless x1 Ms",584,6.08,3551.89
"Oct 20","AQ Master wireless x1 Ms",817,6.81,5563.03
"Oct 20","AQ Master wireless x1 Ms",817,6.08,4964.66
"Oct 20","AQ Master wireless x1 Ms",817,6.86,5601.35
"Oct 20","AQ Master wireless x1 Ms",817,6.73,5498.49
"Oct 20","AQ Master wireless x1 Ms",817,7.29,5959.44
"Oct 20","AQ Master wireless x1 Ms",979,7.03,6879.24
"Oct 20","AQ Master wireless x1 Ms",979,7.43,7278.38
"Oct 20","AQ Master wireless x1 Ms",979,7.35,7198.20
"Oct 20","AQ Master wireless x1 Ms",979,7.95,7787.75
"Oct 20","AQ Master wireless x1 Ms",992,6.29,6235.81
"Oct 20","AQ Master wireless x1 Ms",992,6.89,6837.76
"Oct 20","AQ Master wireless x1 Ms",992,7.98,7917.45
"Oct 20","AQ Master wireless x1 Ms",992,8.63,8557.39
"Oct 20","AQ Master wireless x1 Ms",308,7.40,2278.92
"Oct 20","AQ Master wireless x1 Ms",308,8.13,2504.35
"Oct 20","AQ Master wireless x1 Ms",308,8.32,2562.34
"Oct 20","AQ Master wireless x1 Ms",308,8.20,2524.65
"Oct 20","AQ Gamers Ms",297,7.19,2135.55
"Oct 20","AQ Gamers Ms",297,8.64,2566.26
"Oct 20","AQ Gamers Ms",297,8.80,2614.91
"Oct 20","AQ Gamers Ms",297,9.31,2764.06
"Oct 20","AQ Gamers Ms",1333,7.07,9419.91
"Oct 20","AQ Gamers Ms",1333,7.91,10542.03
"Oct 20","AQ Gamers Ms",1333,8.99,11983.80
"Oct 20","AQ Gamers Ms",1333,8.95,11935.95
"Oct 20","AQ Gamers Ms",906,8.26,7487.09
"Oct 20","AQ Gamers Ms",906,9.19,8325.42
"Oct 20","AQ Gamers Ms",906,9.40,8514.32
"Oct 20","AQ Gamers Ms",906,10.08,9130.85
"Oct 20","AQ Gamers Ms",1179,9.11,10743.64
"Oct 20","AQ Gamers Ms",1179,10.08,11878.66
"Oct 20","AQ Gamers Ms",1179,10.46,12329.16
"Oct 20","AQ Gamers Ms",1179,10.86,12802.88
"Oct 20","AQ Gamers Ms",571,8.73,4982.32
"Oct 20","AQ Gamers Ms",571,9.74,5559.43
"Oct 20","AQ Gamers Ms",571,10.44,5959.53
"Oct 20","AQ Gamers Ms",571,11.70,6682.53
"Oct 20","AQ Gamers Ms",787,10.49,8257.36
"Oct 20","AQ Gamers Ms",787,10.87,8551.46
"Oct 20","AQ Gamers Ms",787,10.62,8355.34
"Oct 20","AQ Lite Ms",397,10.05,3990.41
"Oct 20","AQ Lite Ms",397,11.48,4558.71
"Oct 20","AQ Lite Ms",397,11.42,4535.25
"Oct 20","AQ Lite Ms",273,10.41,2842.39
"Oct 20","AQ Lite Ms",273,11.28,3079.96
"Oct 20","AQ Lite Ms",273,11.60,3167.86
"Oct 20","AQ Lite Ms",784,10.68,8370.22
"Oct 20","AQ Lite Ms",784,10.89,8539.72
"Oct 20","AQ Lite Ms",784,11.69,9167.94
"Oct 20","AQ Lite Ms",324,11.21,3632.59
"Oct 20","AQ Lite Ms",324,11.63,3769.16
"Oct 20","AQ Lite Ms",324,12.59,4078.48
"Oct 20","AQ Lite Ms",708,11.94,8455.71
"Oct 20","AQ Lite Ms",708,12.74,9021.55
"Oct 20","AQ Lite Ms",708,12.99,9197.20
"Oct 20","AQ Lite Ms",465,11.43,5315.28
"Oct 20","AQ Lite Ms",465,12.30,5718.52
"Oct 20","AQ Lite Ms",465,13.26,6166.92
"Oct 20","AQ Maxima Ms",511,12.07,6167.21
"Oct 20","AQ Maxima Ms",511,12.41,6339.26
"Oct 20","AQ Maxima Ms",779,14.53,11316.30
"Oct 20","AQ Maxima Ms",779,14.03,10928.05
"Oct 20","AQ Maxima Ms",833,14.17,11802.11
"Oct 20","AQ Maxima Ms",833,15.25,12701.83
"Oct 20","AQ Maxima Ms",1133,14.28,16179.24
"Oct 20","AQ Maxima Ms",1133,15.30,17336.60
"Oct 20","AQ Maxima Ms",727,15.18,11033.10
"Oct 20","AQ Maxima Ms",727,15.25,11088.64
"Oct 20","AQ Maxima Ms",776,14.57,11304.54
"Oct 20","AQ Maxima Ms",776,17.03,13218.31
"Oct 20","AQ Qwerty Ms",160,14.90,2384.21
"Oct 20","AQ Qwerty Ms",160,14.70,2351.42
"Oct 20","AQ Qwerty Ms",1176,15.81,18592.80
"Oct 20","AQ Qwerty Ms",1176,15.32,18016.08
"Oct 20","AQ Qwerty Ms",138,15.98,2205.13
"Oct 20","AQ Qwerty Ms",138,15.70,2166.08
"Oct 20","AQ Qwerty Ms",884,16.55,14629.40
"Oct 20","AQ Qwerty Ms",884,17.30,15295.14
"Oct 20","AQ Qwerty Ms",1136,16.59,18844.20
"Oct 20","AQ Qwerty Ms",1136,17.81,20230.80
"Oct 20","AQ Qwerty Ms",1071,16.79,17976.74
"Oct 20","AQ Qwerty Ms",1071,18.07,19349.86
"Oct 20","AQ Trigger Ms",1236,17.09,21125.34
"Oct 20","AQ Trigger Ms",1236,17.71,21883.63
"Oct 20","AQ Trigger Ms",276,17.24,4757.36
"Oct 20","AQ Trigger Ms",276,17.45,4815.32
"Oct 20","AQ Trigger Ms",1090,16.94,18459.48
"Oct 20","AQ Trigger Ms",1090,17.70,19292.56
"Oct 20","AQ Trigger Ms",560,19.59,10968.16
"Oct 20","AQ Trigger Ms",560,20.13,11275.10
"Oct 20","AQ Trigger Ms",654,19.40,12690.35
"Oct 20","AQ Trigger Ms",654,20.85,13638.32
"Oct 20","AQ Trigger Ms",241,20.05,4832.94
"Oct 20","AQ Trigger Ms",241,22.57,5440.53
"Oct 20","AQ Lumina Ms",438,21.71,9509.77
"Oct 20","AQ Lumina Ms",438,22.09,9675.33
"Oct 20","AQ Master wired x1",757,5.96,4508.92
"Oct 20","AQ Master wired x1",757,5.09,3855.10
"Oct 20","AQ Master wired x1",757,6.62,5014.90
"Oct 20","AQ Master wired x1",757,6.90,5222.62
"Oct 20","AQ Master wired x1",849,7.29,6192.27
"Oct 20","AQ Master wired x1",849,6.54,5549.83
"Oct 20","AQ Master wired x1",849,7.72,6552.84
"Oct 20","AQ Master wired x1",849,7.60,6450.62
"Oct 20","AQ Master wired x1",247,7.27,1795.54
"Oct 20","AQ Master wired x1",247,6.68,1650.01
"Oct 20","AQ Master wired x1",247,7.44,1838.84
"Oct 20","AQ Master wired x1",247,7.77,1919.02
"Oct 20","AQ Master wired x1",622,8.79,5468.00
"Oct 20","AQ Master wired x1",622,8.03,4997.09
"Oct 20","AQ Master wired x1",622,9.22,5733.10
"Oct 20","AQ Master wired x1",622,8.95,5567.77
"Oct 20","AQ Master wired x1",622,10.30,6406.72
"Oct 20","AQ Master wired x1",664,8.55,5679.86
"Oct 20","AQ Master wired x1",664,7.96,5285.51
"Oct 20","AQ Master wired x1",664,9.02,5989.68
"Oct 20","AQ Master wired x1",664,9.47,6284.76
"Oct 20","AQ Master wired x1",664,9.81,6511.91
"Oct 20","AQ Master wired x1",680,9.51,6466.32
"Oct 20","AQ Master wired x1",680,8.64,5877.17
"Oct 20","AQ Master wired x1",680,9.77,6640.27
"Oct 20","AQ Master wired x1",680,10.42,7084.78
"Oct 20","AQ Master wired x1",680,11.17,7597.50
"Oct 20","AQ Master wireless x1",650,10.06,6540.89
"Oct 20","AQ Master wireless x1",650,10.29,6688.96
"Oct 20","AQ Master wireless x1",650,10.13,6585.67
"Oct 20","AQ Master wireless x1",650,10.80,7017.08
"Oct 20","AQ Master wireless x1",650,11.53,7497.10
"Oct 20","AQ Master wireless x1",627,9.95,6241.53
"Oct 20","AQ Master wireless x1",627,8.52,5341.48
"Oct 20","AQ Master wireless x1",627,10.75,6743.26
"Oct 20","AQ Master wireless x1",627,11.05,6929.85
"Oct 20","AQ Master wireless x1",627,12.48,7827.34
"Oct 20","AQ Master wireless x1",856,11.82,10119.20
"Oct 20","AQ Master wireless x1",856,11.38,9739.65
"Oct 20","AQ Master wireless x1",856,11.42,9774.75
"Oct 20","AQ Master wireless x1",856,12.37,10592.06
"Oct 20","AQ Master wireless x1",856,12.84,10987.87
"Oct 20","AQ Master wireless x1",888,10.97,9745.62
"Oct 20","AQ Master wireless x1",888,9.88,8777.52
"Oct 20","AQ Master wireless x1",888,10.56,9374.44
"Oct 20","AQ Master wireless x1",888,11.60,10301.78
"Oct 20","AQ Master wireless x1",888,12.83,11393.04
"Oct 20","AQ Master wireless x1",696,10.41,7246.33
"Oct 20","AQ Master wireless x1",696,10.21,7105.81
"Oct 20","AQ Master wireless x1",696,11.44,7959.73
"Oct 20","AQ Master wireless x1",696,12.05,8387.43
"Oct 20","AQ Master wireless x1",696,12.23,8514.45
"Oct 20","AQ Master wireless x1",288,12.30,3541.42
"Oct 20","AQ Master wireless x1",288,11.68,3363.06
"Oct 20","AQ Master wireless x1",288,12.88,3709.99
"Oct 20","AQ Master wireless x1",288,13.00,3744.52
"Oct 20","AQ Master wireless x1",288,14.31,4120.27
"Oct 20","AQ Gamers ",1085,12.25,13293.85
"Oct 20","AQ Gamers ",1085,12.94,14035.02
"Oct 20","AQ Gamers ",1085,13.51,14654.12
"Oct 20","AQ Gamers ",1085,14.29,15500.42
"Oct 20","AQ Gamers ",796,11.39,9067.95
"Oct 20","AQ Gamers ",796,14.05,11186.82
"Oct 20","AQ Gamers ",796,15.31,12184.45
"Oct 20","AQ Gamers ",796,15.66,12463.61
"Oct 20","AQ Gamers ",698,11.92,8317.23
"Oct 20","AQ Gamers ",698,14.88,10387.29
"Oct 20","AQ Gamers ",698,16.24,11336.01
"Oct 20","AQ Gamers ",698,16.66,11627.07
"Oct 20","AQ Gamers ",583,12.58,7336.53
"Oct 20","AQ Gamers ",583,14.06,8199.37
"Oct 20","AQ Gamers ",583,16.38,9549.07
"Oct 20","AQ Gamers ",583,17.21,10034.19
"Oct 20","AQ Gamers ",888,14.76,13109.01
"Oct 20","AQ Gamers ",888,16.12,14311.10
"Oct 20","AQ Gamers ",888,16.32,14493.76
"Oct 20","AQ Gamers ",888,16.90,15006.13
"Oct 20","AQ Gamers ",746,15.39,11481.24
"Oct 20","AQ Gamers ",746,16.67,12434.92
"Oct 20","AQ Gamers ",746,19.30,14398.02
"Oct 20","AQ Gamers ",746,18.14,13534.53
"Oct 20","AQ Lite",851,15.02,12782.53
"Oct 20","AQ Lite",851,16.38,13942.44
"Oct 20","AQ Lite",851,18.49,15738.65
"Oct 20","AQ Lite",851,18.99,16164.40
"Oct 20","AQ Lite",947,16.10,15244.90
"Oct 20","AQ Lite",947,19.58,18538.19
"Oct 20","AQ Lite",947,18.79,17798.58
"Oct 20","AQ Lite",947,21.23,20107.46
"Oct 20","AQ Lite",654,18.67,12211.88
"Oct 20","AQ Lite",654,18.58,12154.20
"Oct 20","AQ Lite",654,20.06,13120.35
"Oct 20","AQ Lite",554,18.25,10111.22
"Oct 20","AQ Lite",554,18.42,10205.73
"Oct 20","AQ Lite",554,21.39,11851.83
"Oct 20","AQ Lite",1089,18.14,19754.57
"Oct 20","AQ Lite",1089,18.94,20627.29
"Oct 20","AQ Lite",1089,21.23,23122.74
"Oct 20","AQ Lite",760,19.48,14805.10
"Oct 20","AQ Lite",760,20.01,15205.02
"Oct 20","AQ Lite",760,21.22,16123.55
"Oct 20","AQ Maxima",279,18.18,5071.94
"Oct 20","AQ Maxima",279,20.39,5689.03
"Oct 20","AQ Maxima",279,20.93,5840.81
"Oct 20","AQ Maxima",567,20.95,11881.26
"Oct 20","AQ Maxima",567,21.70,12303.22
"Oct 20","AQ Maxima",567,22.24,12611.44
"Oct 20","AQ Maxima",197,18.86,3715.93
"Oct 20","AQ Maxima",197,20.87,4112.04
"Oct 20","AQ Maxima",197,22.93,4517.86
"Oct 20","AQ Maxima",522,21.14,11034.61
"Oct 20","AQ Maxima",522,22.13,11554.00
"Oct 20","AQ Maxima",522,22.64,11820.32
"Oct 20","AQ Maxima",561,23.08,12950.35
"Oct 20","AQ Maxima",561,23.58,13228.21
"Oct 20","AQ Maxima",988,23.77,23482.59
"Oct 20","AQ Maxima",988,24.60,24305.99
"Oct 20","AQ Qwerty",371,24.57,9115.10
"Oct 20","AQ Qwerty",371,26.77,9931.34
"Oct 20","AQ Qwerty",908,23.97,21767.12
"Oct 20","AQ Qwerty",908,26.67,24218.36
"Oct 20","AQ Qwerty",272,26.95,7330.59
"Oct 20","AQ Qwerty",272,25.82,7023.42
"Oct 20","AQ Qwerty",700,27.42,19190.64
"Oct 20","AQ Qwerty",700,29.26,20479.69
"Oct 20","AQ Qwerty",963,29.87,28764.04
"Oct 20","AQ Qwerty",963,31.22,30060.14
"Oct 20","AQ Qwerty",773,29.67,22935.61
"Oct 20","AQ Qwerty",773,31.78,24565.71
"Oct 20","AQ Trigger",183,29.39,5377.86
"Oct 20","AQ Trigger",183,32.60,5965.71
"Oct 20","AQ Trigger",888,30.34,26943.16
"Oct 20","AQ Trigger",888,31.07,27587.32
"Oct 20","AQ Trigger",819,31.77,26016.76
"Oct 20","AQ Trigger",819,34.79,28496.94
"Oct 20","AQ Trigger",718,33.62,24142.46
"Oct 20","AQ Trigger",718,34.27,24604.71
"Oct 20","AQ Trigger",165,34.51,5694.38
"Oct 20","AQ Trigger",165,34.18,5640.36
"Oct 20","AQ LION x1",42,14.84,623.17
"Oct 20","AQ LION x1",42,13.58,570.51
"Oct 20","AQ LION x1",42,15.47,649.65
"Oct 20","AQ LION x1",42,16.51,693.53
"Oct 20","AQ LION x1",42,17.56,737.47
"Oct 20","AQ LION x1",38,15.20,577.47
"Oct 20","AQ LION x1",38,15.52,589.82
"Oct 20","AQ LION x1",38,16.66,633.03
"Oct 20","AQ LION x1",38,16.10,611.86
"Oct 20","AQ LION x1",38,17.59,668.40
"Oct 20","AQ LION x1",102,15.53,1583.85
"Oct 20","AQ LION x1",102,14.87,1517.13
"Oct 20","AQ LION x1",102,16.20,1652.68
"Oct 20","AQ LION x1",102,17.57,1792.11
"Oct 20","AQ LION x1",102,17.92,1827.81
"Oct 20","AQ LION x1",54,15.08,814.16
"Oct 20","AQ LION x1",54,14.16,764.73
"Oct 20","AQ LION x1",54,16.95,915.42
"Oct 20","AQ LION x1",54,18.03,973.68
"Oct 20","AQ LION x1",54,17.59,949.97
"Oct 20","AQ LION x2",67,14.25,954.95
"Oct 20","AQ LION x2",67,13.82,925.71
"Oct 20","AQ LION x2",67,16.06,1075.69
"Oct 20","AQ LION x2",67,17.26,1156.74
"Oct 20","AQ LION x2",67,18.11,1213.31
"Oct 20","AQ LION x2",19,16.31,309.86
"Oct 20","AQ LION x2",19,17.19,326.67
"Oct 20","AQ LION x2",19,16.58,315.07
"Oct 20","AQ LION x2",19,17.52,332.87
"Oct 20","AQ LION x2",19,18.53,352.13
"Oct 20","AQ LION x2",96,14.99,1439.41
"Oct 20","AQ LION x2",96,17.06,1638.22
"Oct 20","AQ LION x2",96,18.45,1771.52
"Oct 20","AQ LION x2",96,20.46,1964.18
"Oct 20","AQ LION x2",51,18.06,920.98
"Oct 20","AQ LION x2",51,18.88,963.00
"Oct 20","AQ LION x2",51,21.19,1080.90
"Oct 20","AQ LION x2",48,18.15,871.32
"Oct 20","AQ LION x2",48,19.62,941.86
"Oct 20","AQ LION x2",48,21.61,1037.12
"Oct 20","AQ LION x2",48,23.77,1140.93
"Oct 20","AQ LION x3",94,20.75,1950.62
"Oct 20","AQ LION x3",94,22.15,2081.67
"Oct 20","AQ LION x3",94,23.46,2205.17
"Oct 20","AQ LION x3",104,22.39,2329.06
"Oct 20","AQ LION x3",104,23.15,2407.81
"Oct 20","AQ LION x3",104,24.19,2515.59
"Oct 20","AQ LION x3",84,23.03,1934.50
"Oct 20","AQ LION x3",84,25.47,2139.23
"Oct 20","AQ LION x3",84,25.81,2167.65
"Oct 20","AQ LION x3",26,25.29,657.60
"Oct 20","AQ LION x3",26,25.04,651.15
"Oct 20","AQ LION x3",108,25.71,2776.90
"Oct 20","AQ LION x3",108,27.45,2965.10
"Oct 20","AQ LION x3",108,28.88,3118.77
"Oct 20","AQ Mx NB",32,25.08,802.61
"Oct 20","AQ Mx NB",32,26.93,861.77
"Oct 20","AQ Mx NB",32,29.62,947.77
"Oct 20","AQ Mx NB",30,24.75,742.45
"Oct 20","AQ Mx NB",30,28.45,853.50
"Oct 20","AQ Mx NB",30,29.43,883.01
"Oct 20","AQ Mx NB",62,29.94,1856.42
"Oct 20","AQ Mx NB",62,30.16,1870.17
"Oct 20","AQ Mx NB",82,28.58,2343.56
"Oct 20","AQ Mx NB",82,32.24,2643.88
"Oct 20","AQ Mx NB",94,31.70,2980.07
"Oct 20","AQ Mx NB",94,31.49,2959.96
"Oct 20","AQ Aspiron",38,160.88,6113.41
"Oct 20","AQ Aspiron",38,155.88,5923.49
"Oct 20","AQ Aspiron",38,179.24,6811.30
"Oct 20","AQ Aspiron",38,182.89,6949.94
"Oct 20","AQ Aspiron",38,186.74,7096.26
"Oct 20","AQ Aspiron",48,160.70,7713.41
"Oct 20","AQ Aspiron",48,155.73,7474.86
"Oct 20","AQ Aspiron",48,164.66,7903.65
"Oct 20","AQ Aspiron",48,187.75,9012.16
"Oct 20","AQ Aspiron",48,180.15,8647.34
"Oct 20","AQ Aspiron",44,151.71,6675.02
"Oct 20","AQ Aspiron",44,157.84,6944.82
"Oct 20","AQ Aspiron",44,182.42,8026.45
"Oct 20","AQ Aspiron",44,195.77,8613.97
"Oct 20","AQ Aspiron",44,201.00,8843.85
"Oct 20","AQ Digit",48,169.70,8145.58
"Oct 20","AQ Digit",48,155.89,7482.72
"Oct 20","AQ Digit",48,182.24,8747.65
"Oct 20","AQ Digit",48,200.27,9613.11
"Oct 20","AQ Digit",48,199.12,9557.75
"Oct 20","AQ Digit",48,178.65,8575.27
"Oct 20","AQ Digit",48,186.30,8942.22
"Oct 20","AQ Digit",48,214.02,10273.09
"Oct 20","AQ Digit",48,215.93,10364.84
"Oct 20","AQ Digit",48,229.37,11009.89
"Oct 20","AQ Digit",50,188.10,9405.21
"Oct 20","AQ Digit",50,173.77,8688.45
"Oct 20","AQ Digit",50,206.96,10348.22
"Oct 20","AQ Digit",50,236.85,11842.43
"Oct 20","AQ Digit",50,249.99,12499.30
"Oct 20","AQ Digit",28,218.62,6121.40
"Oct 20","AQ Digit",28,212.06,5937.76
"Oct 20","AQ Digit",28,225.69,6319.41
"Oct 20","AQ Digit",28,232.10,6498.91
"Oct 20","AQ Digit",28,247.91,6941.47
"Oct 20","AQ Digit",44,216.74,9536.63
"Oct 20","AQ Digit",44,203.77,8965.70
"Oct 20","AQ Digit",44,241.40,10621.81
"Oct 20","AQ Digit",44,240.14,10566.17
"Oct 20","AQ Digit",44,249.49,10977.62
"Oct 20","AQ Digit",19,207.46,3941.78
"Oct 20","AQ Digit",19,224.18,4259.46
"Oct 20","AQ Digit",19,237.02,4503.35
"Oct 20","AQ Digit",19,254.65,4838.36
"Oct 20","AQ Digit",37,198.62,7349.00
"Oct 20","AQ Digit",37,219.40,8117.70
"Oct 20","AQ Digit",37,249.13,9217.82
"Oct 20","AQ Digit",37,254.71,9424.13
"Oct 20","AQ Digit",35,194.40,6803.95
"Oct 20","AQ Digit",35,217.13,7599.67
"Oct 20","AQ Digit",35,243.04,8506.45
"Oct 20","AQ Digit",35,269.21,9422.37
"Oct 20","AQ Velocity",45,217.71,9797.00
"Oct 20","AQ Velocity",45,250.73,11282.90
"Oct 20","AQ Velocity",45,264.70,11911.50
"Oct 20","AQ Velocity",45,275.14,12381.20
"Oct 20","AQ Velocity",24,198.12,4754.80
"Oct 20","AQ Velocity",24,227.56,5461.53
"Oct 20","AQ Velocity",24,267.21,6413.02
"Oct 20","AQ Velocity",24,272.31,6535.40
"Oct 20","AQ Velocity",14,193.45,2708.30
"Oct 20","AQ Velocity",14,241.41,3379.79
"Oct 20","AQ Velocity",14,261.23,3657.23
"Oct 20","AQ Velocity",14,285.18,3992.53
"Oct 20","AQ Velocity",44,211.94,9325.41
"Oct 20","AQ Velocity",44,243.97,10734.83
"Oct 20","AQ Velocity",44,267.06,11750.80
"Oct 20","AQ Velocity",44,279.54,12299.63
"Oct 20","AQ Velocity",36,226.74,8162.48
"Oct 20","AQ Velocity",36,249.70,8989.20
"Oct 20","AQ Velocity",36,277.81,10001.08
"Oct 20","AQ Velocity",36,297.84,10722.39
"Oct 20","AQ Velocity",38,213.23,8102.62
"Oct 20","AQ Velocity",38,252.99,9613.43
"Oct 20","AQ Velocity",38,275.82,10481.14
"Oct 20","AQ Velocity",38,275.43,10466.31
"Oct 20","AQ Elite",30,219.00,6570.10
"Oct 20","AQ Elite",30,258.22,7746.54
"Oct 20","AQ Elite",30,271.35,8140.41
"Oct 20","AQ Elite",30,294.31,8829.34
"Oct 20","AQ Elite",12,234.51,2814.10
"Oct 20","AQ Elite",12,270.56,3246.69
"Oct 20","AQ Elite",12,281.95,3383.40
"Oct 20","AQ Elite",12,309.55,3714.56
"Oct 20","AQ Elite",11,234.80,2582.78
"Oct 20","AQ Elite",11,267.87,2946.52
"Oct 20","AQ Elite",11,288.05,3168.55
"Oct 20","AQ Elite",11,298.89,3287.78
"Oct 20","AQ Elite",40,284.88,11395.24
"Oct 20","AQ Elite",40,286.90,11475.89
"Oct 20","AQ Elite",40,319.84,12793.42
"Oct 20","AQ Elite",38,299.42,11377.85
"Oct 20","AQ Elite",38,291.21,11065.87
"Oct 20","AQ Elite",38,321.13,12202.99
"Oct 20","AQ Elite",10,281.27,2812.66
"Oct 20","AQ Elite",10,287.57,2875.67
"Oct 20","AQ Elite",10,301.33,3013.34
"Oct 20","AQ Elite",21,272.49,5722.19
"Oct 20","AQ Elite",21,287.49,6037.36
"Oct 20","AQ Elite",21,327.69,6881.57
"Oct 20","AQ Elite",24,298.61,7166.71
"Oct 20","AQ Elite",24,297.03,7128.66
"Oct 20","AQ Elite",24,334.85,8036.45
"Oct 20","AQ Gen X",9,301.47,2713.20
"Oct 20","AQ Gen X",9,311.84,2806.56
"Oct 20","AQ Gen X",9,331.93,2987.39
"Oct 20","AQ Gen X",36,296.93,10689.44
"Oct 20","AQ Gen X",36,300.34,10812.16
"Oct 20","AQ Gen X",36,330.17,11885.98
"Oct 20","AQ Gen X",42,287.98,12095.30
"Oct 20","AQ Gen X",42,306.92,12890.59
"Oct 20","AQ Gen X",42,338.79,14229.03
"Oct 20","AQ Gen X",35,310.09,10853.10
"Oct 20","AQ Gen X",35,341.73,11960.70
"Oct 20","AQ Gen X",35,353.68,12378.94
"Oct 20","AQ Gen X",26,325.22,8455.61
"Oct 20","AQ Gen X",26,330.83,8601.53
"Oct 20","AQ Gen X",24,325.26,7806.15
"Oct 20","AQ Gen X",24,375.87,9020.87
"Oct 20","AQ Gen X",15,322.94,4844.14
"Oct 20","AQ Gen X",15,359.48,5392.14
"Oct 20","AQ Gen X",43,327.09,14065.00
"Oct 20","AQ Gen X",43,364.15,15658.24
"Oct 20","AQ Gen Y",21,347.25,7292.20
"Oct 20","AQ Gen Y",21,346.42,7274.79
"Oct 20","AQ Gen Y",31,346.69,10747.35
"Oct 20","AQ Gen Y",31,368.12,11411.73
"Oct 20","AQ Gen Y",14,366.05,5124.64
"Oct 20","AQ Gen Y",14,378.62,5300.67
"Oct 20","AQ Gen Y",37,353.10,13064.63
"Oct 20","AQ Gen Y",37,361.11,13360.89
"Oct 20","AQ Gen Y",14,349.25,4889.54
"Oct 20","AQ Gen Y",14,403.21,5645.01
"Oct 20","AQ Gen Y",35,348.54,12198.81
"Oct 20","AQ Gen Y",35,352.97,12353.78
"Oct 20","AQ Gen Y",31,347.80,10781.89
"Oct 20","AQ Gen Y",31,401.03,12431.93
"Oct 20","AQ Gen Y",11,363.06,3993.69
"Oct 20","AQ Gen Y",11,370.67,4077.35
"Oct 20","AQ GEN Z",35,367.73,12870.67
"Oct 20","AQ GEN Z",35,414.93,14522.59
"Oct 20","AQ GEN Z",18,371.40,6685.25
"Oct 20","AQ GEN Z",18,396.58,7138.48
"Oct 20","AQ GEN Z",34,361.65,12296.09
"Oct 20","AQ GEN Z",34,422.01,14348.45
"Oct 20","AQ GEN Z",44,380.22,16729.47
"Oct 20","AQ GEN Z",44,374.19,16464.32
"Oct 20","AQ GEN Z",36,377.41,13586.65
"Oct 20","AQ GEN Z",36,391.04,14077.32
"Oct 20","AQ BZ 101",18,362.81,6530.62
"Oct 20","AQ BZ 101",18,354.42,6379.47
"Oct 20","AQ BZ 101",18,414.05,7452.95
"Oct 20","AQ BZ 101",18,419.19,7545.48
"Oct 20","AQ BZ 101",18,454.00,8172.01
"Oct 20","AQ BZ 101",29,378.00,10961.88
"Oct 20","AQ BZ 101",29,358.59,10399.04
"Oct 20","AQ BZ 101",29,410.78,11912.69
"Oct 20","AQ BZ 101",29,451.49,13093.15
"Oct 20","AQ BZ 101",29,488.46,14165.40
"Oct 20","AQ BZ 101",15,382.53,5737.92
"Oct 20","AQ BZ 101",15,363.66,5454.85
"Oct 20","AQ BZ 101",15,404.55,6068.25
"Oct 20","AQ BZ 101",15,428.15,6422.18
"Oct 20","AQ BZ 101",15,477.90,7168.46
"Oct 20","AQ BZ 101",33,407.41,13444.45
"Oct 20","AQ BZ 101",33,381.48,12588.82
"Oct 20","AQ BZ 101",33,442.77,14611.57
"Oct 20","AQ BZ 101",33,460.28,15189.26
"Oct 20","AQ BZ 101",33,455.05,15016.80
"Oct 20","AQ BZ Compact",16,395.58,6329.26
"Oct 20","AQ BZ Compact",16,368.04,5888.66
"Oct 20","AQ BZ Compact",16,448.43,7174.95
"Oct 20","AQ BZ Compact",16,451.70,7227.28
"Oct 20","AQ BZ Compact",16,463.16,7410.51
"Oct 20","AQ BZ Compact",11,413.11,4544.19
"Oct 20","AQ BZ Compact",11,412.76,4540.34
"Oct 20","AQ BZ Compact",11,460.21,5062.33
"Oct 20","AQ BZ Compact",11,462.56,5088.12
"Oct 20","AQ BZ Compact",11,438.46,4823.08
"Oct 20","AQ BZ Compact",37,409.77,15161.56
"Oct 20","AQ BZ Compact",37,371.63,13750.36
"Oct 20","AQ BZ Compact",37,429.91,15906.82
"Oct 20","AQ BZ Compact",37,452.14,16729.25
"Oct 20","AQ BZ Compact",37,476.53,17631.76
"Oct 20","AQ BZ Compact",14,389.99,5459.81
"Oct 20","AQ BZ Compact",14,364.52,5103.29
"Oct 20","AQ BZ Compact",14,423.90,5934.55
"Oct 20","AQ BZ Compact",14,447.73,6268.27
"Oct 20","AQ BZ Compact",14,489.49,6852.80
"Oct 20","AQ BZ Compact",32,401.36,12843.61
"Oct 20","AQ BZ Compact",32,445.79,14265.15
"Oct 20","AQ BZ Compact",32,486.18,15557.64
"Oct 20","AQ BZ Compact",32,468.71,14998.75
"Oct 20","AQ BZ Compact",9,365.39,3288.55
"Oct 20","AQ BZ Compact",9,419.14,3772.30
"Oct 20","AQ BZ Compact",9,475.55,4279.99
"Oct 20","AQ BZ Compact",9,482.29,4340.61
"Oct 20","AQ BZ Compact",32,396.32,12682.26
"Oct 20","AQ BZ Compact",32,434.35,13899.17
"Oct 20","AQ BZ Compact",32,475.19,15206.09
"Oct 20","AQ BZ Compact",32,532.20,17030.25
"Oct 20","AQ BZ Compact",36,367.48,13229.10
"Oct 20","AQ BZ Compact",36,422.50,15210.01
"Oct 20","AQ BZ Compact",36,467.30,16822.97
"Oct 20","AQ BZ Compact",36,499.29,17974.47
"Oct 20","AQ BZ Gen Y",11,396.67,4363.33
"Oct 20","AQ BZ Gen Y",11,447.83,4926.16
"Oct 20","AQ BZ Gen Y",11,479.04,5269.49
"Oct 20","AQ BZ Gen Y",11,504.40,5548.44
"Oct 20","AQ BZ Gen Y",22,407.17,8957.82
"Oct 20","AQ BZ Gen Y",22,429.47,9448.41
"Oct 20","AQ BZ Gen Y",22,474.31,10434.89
"Oct 20","AQ BZ Gen Y",22,473.83,10424.15
"Oct 20","AQ BZ Gen Y",11,418.90,4607.85
"Oct 20","AQ BZ Gen Y",11,435.37,4789.08
"Oct 20","AQ BZ Gen Y",11,474.32,5217.47
"Oct 20","AQ BZ Gen Y",11,514.25,5656.76
"Oct 20","AQ BZ Gen Y",36,455.34,16392.27
"Oct 20","AQ BZ Gen Y",36,483.38,17401.73
"Oct 20","AQ BZ Gen Y",36,529.90,19076.50
"Oct 20","AQ BZ Gen Y",26,487.09,12664.43
"Oct 20","AQ BZ Gen Y",26,486.49,12648.63
"Oct 20","AQ BZ Gen Y",26,556.48,14468.61
"Oct 20","AQ BZ Gen Y",27,506.27,13669.26
"Oct 20","AQ BZ Gen Y",27,516.46,13944.37
"Oct 20","AQ BZ Gen Y",27,551.77,14897.74
"Oct 20","AQ BZ Gen Y",7,502.74,3519.15
"Oct 20","AQ BZ Gen Y",7,512.58,3588.07
"Oct 20","AQ BZ Gen Y",7,512.32,3586.25
"Oct 20","AQ BZ Gen Z",30,502.37,15071.17
"Oct 20","AQ BZ Gen Z",30,506.96,15208.93
"Oct 20","AQ BZ Gen Z",30,537.33,16119.82
"Oct 20","AQ BZ Gen Z",34,456.16,15509.39
"Oct 20","AQ BZ Gen Z",34,490.16,16665.38
"Oct 20","AQ BZ Gen Z",34,573.24,19490.20
"Oct 20","AQ BZ Gen Z",16,473.90,7582.36
"Oct 20","AQ BZ Gen Z",16,525.80,8412.87
"Oct 20","AQ BZ Gen Z",16,549.98,8799.68
"Oct 20","AQ BZ Gen Z",37,523.61,19373.57
"Oct 20","AQ BZ Gen Z",37,521.26,19286.63
"Oct 20","AQ BZ Gen Z",37,526.88,19494.47
"Oct 20","AQ BZ Gen Z",9,492.94,4436.42
"Oct 20","AQ BZ Gen Z",9,550.46,4954.14
"Oct 20","AQ BZ Gen Z",9,528.14,4753.25
"Oct 20","AQ BZ Gen Z",25,545.59,13639.83
"Oct 20","AQ BZ Gen Z",25,572.64,14315.90
"Oct 20","AQ BZ Gen Z",36,533.04,19189.43
"Oct 20","AQ BZ Gen Z",36,615.56,22160.24
"Oct 20","AQ Gamer 1",16,471.85,7549.60
"Oct 20","AQ Gamer 1",16,459.98,7359.72
"Oct 20","AQ Gamer 1",16,514.37,8229.90
"Oct 20","AQ Gamer 1",16,584.97,9359.56
"Oct 20","AQ Gamer 1",16,588.56,9416.92
"Oct 20","AQ Gamer 1",21,496.91,10435.17
"Oct 20","AQ Gamer 1",21,478.56,10049.74
"Oct 20","AQ Gamer 1",21,521.96,10961.08
"Oct 20","AQ Gamer 1",21,586.38,12314.03
"Oct 20","AQ Gamer 1",21,594.99,12494.80
"Oct 20","AQ Gamer 1",7,518.97,3632.81
"Oct 20","AQ Gamer 1",7,503.89,3527.25
"Oct 20","AQ Gamer 1",7,545.09,3815.60
"Oct 20","AQ Gamer 1",7,551.33,3859.31
"Oct 20","AQ Gamer 1",7,601.64,4211.48
"Oct 20","AQ Gamer 1",13,501.90,6524.65
"Oct 20","AQ Gamer 1",13,461.65,6001.45
"Oct 20","AQ Gamer 1",13,520.42,6765.50
"Oct 20","AQ Gamer 1",13,565.87,7356.37
"Oct 20","AQ Gamer 1",13,580.13,7541.73
"Oct 20","AQ Gamer 1",16,527.62,8442.00
"Oct 20","AQ Gamer 1",16,469.51,7512.14
"Oct 20","AQ Gamer 1",16,581.63,9306.07
"Oct 20","AQ Gamer 1",16,571.65,9146.38
"Oct 20","AQ Gamer 1",16,600.40,9606.45
"Oct 20","AQ Gamer 1",6,508.50,3051.03
"Oct 20","AQ Gamer 1",6,458.26,2749.54
"Oct 20","AQ Gamer 1",6,555.72,3334.30
"Oct 20","AQ Gamer 1",6,579.66,3477.97
"Oct 20","AQ Gamer 1",6,579.78,3478.71
"Oct 20","AQ Gamer 2",9,476.72,4290.51
"Oct 20","AQ Gamer 2",9,449.72,4047.49
"Oct 20","AQ Gamer 2",9,556.88,5011.92
"Oct 20","AQ Gamer 2",9,585.00,5265.00
"Oct 20","AQ Gamer 2",9,611.73,5505.57
"Oct 20","AQ Gamer 2",16,508.19,8131.02
"Oct 20","AQ Gamer 2",16,488.08,7809.28
"Oct 20","AQ Gamer 2",16,551.10,8817.57
"Oct 20","AQ Gamer 2",16,567.93,9086.83
"Oct 20","AQ Gamer 2",16,591.99,9471.83
"Oct 20","AQ Gamer 2",6,513.41,3080.48
"Oct 20","AQ Gamer 2",6,454.29,2725.71
"Oct 20","AQ Gamer 2",6,554.63,3327.76
"Oct 20","AQ Gamer 2",6,595.57,3573.43
"Oct 20","AQ Gamer 2",6,643.48,3860.87
"Oct 20","AQ Gamer 2",8,528.34,4226.74
"Oct 20","AQ Gamer 2",8,473.18,3785.40
"Oct 20","AQ Gamer 2",8,573.77,4590.13
"Oct 20","AQ Gamer 2",8,602.92,4823.36
"Oct 20","AQ Gamer 2",8,642.85,5142.83
"Oct 20","AQ Gamer 2",9,531.85,4786.61
"Oct 20","AQ Gamer 2",9,485.08,4365.70
"Oct 20","AQ Gamer 2",9,591.86,5326.74
"Oct 20","AQ Gamer 2",9,570.76,5136.82
"Oct 20","AQ Gamer 2",9,605.15,5446.36
"Oct 20","AQ Gamer 2",14,514.36,7201.05
"Oct 20","AQ Gamer 2",14,548.90,7684.62
"Oct 20","AQ Gamer 2",14,601.64,8422.96
